Course_Code,R1_Points19,R2_Points19,R1_Points20,R2_Points20,Course Category,HEI,Course_Name,R1_Points21,R2_Points21
AL801,304.0,,303.0,,Information and Communication Technologies (ICTs),Athlone Institute of Technology,Software Design for Virtual Reality and Gaming,300.0,
AL802,301.0,,332.0,,Information and Communication Technologies (ICTs),Athlone Institute of Technology,Software Design in Artificial Intelligence for Clo,313.0,
AL803,309.0,,337.0,,Information and Communication Technologies (ICTs),Athlone Institute of Technology,Software Design for Mobile Apps and Connected Devi,350.0,
AL805,329.0,,333.0,,Information and Communication Technologies (ICTs),Athlone Institute of Technology,Computer Engineering for Network Infrastructure,321.0,
AL810,307.0,,319.0,,Architecture and construction,Athlone Institute of Technology,Quantity Surveying,328.0,
AL820,300.0,,308.0,,Manufacturing and processing,Athlone Institute of Technology,Mechanical and Polymer Engineering,327.0,
AL830,410.0,,442.0,,Health,Athlone Institute of Technology,General Nursing,451.0,444.0
AL832,387.0,,387.0,384.0,Health,Athlone Institute of Technology,Mental Health Nursing,440.0,431.0
AL836,352.0,,334.0,,Health,Athlone Institute of Technology,Nutrition and Health Science,346.0,
AL837,351.0,,351.0,,Personal services,Athlone Institute of Technology,Sports Science with Exercise Physiology,357.0,
AL838,302.0,,307.0,,Biological and related sciences,Athlone Institute of Technology,Biotechnology,324.0,
AL839,322.0,,325.0,,Biological and related sciences,Athlone Institute of Technology,Microbiology,325.0,
AL840,328.0,,347.0,,Physical sciences,Athlone Institute of Technology,Pharmaceutical Sciences,346.0,
AL841,423.0,,430.0,,Health,Athlone Institute of Technology,Athletic and Rehabilitation Therapy,477.0,476.0
AL842,310.0,,313.0,,Biological and related sciences,Athlone Institute of Technology,Bioveterinary Science,338.0,
AL843,310.0,,306.0,,Health,Athlone Institute of Technology,Physical Activity and Health Science,306.0,
AL850,307.0,,309.0,,Business and administration,Athlone Institute of Technology,Business,309.0,
AL851,301.0,,295.0,,Law,Athlone Institute of Technology,Business and Law,302.0,
AL852,290.0,,309.0,,Business and administration,Athlone Institute of Technology,Accounting,336.0,
AL855,312.0,,308.0,,Personal services,Athlone Institute of Technology,Hospitality Management (with international placeme,309.0,
AL857,300.0,,304.0,,Business and administration,Athlone Institute of Technology,Digital Marketing,304.0,
AL860,309.0,,300.0,,Welfare,Athlone Institute of Technology,Social Care Practice,301.0,
AL861,615.0,,578.0,,Arts,Athlone Institute of Technology,Animation and Illustration (portfolio),575.0,
AL863,703.0,,781.0,,Arts,Athlone Institute of Technology,Graphic and Digital Design (portfolio),747.0,
AL864,307.0,,307.0,,Welfare,Athlone Institute of Technology,Early Years Care and Education,306.0,
AL870,409.0,,418.0,,Social and behavioural sciences,Athlone Institute of Technology,Applied Psychology,484.0,467.0
CW018,327.0,,298.0,248.0,Business and administration,"Institute of Technology, Carlow",Business (options),307.0,
CW028,252.0,,252.0,,Welfare,"Institute of Technology, Carlow",Early Childhood Education and Care,260.0,
CW038,700.0,,700.0,,Arts,"Institute of Technology, Carlow",Art (portfolio),700.0,
CW058,252.0,,298.0,,Personal services,"Institute of Technology, Carlow",Tourism and Event Management,292.0,
CW068,251.0,,245.0,,Welfare,"Institute of Technology, Carlow",Applied Social Studies in Professional Social Care,250.0,
CW078,266.0,,269.0,,Agriculture,"Institute of Technology, Carlow",Sustainable Farm Management and Agribusiness,270.0,
CW088,309.0,,274.0,,Arts,"Institute of Technology, Carlow",Visual Communications and Design,270.0,
CW108,261.0,,261.0,,Biological and related sciences,"Institute of Technology, Carlow",Science (options),266.0,
CW128,271.0,,263.0,,Biological and related sciences,"Institute of Technology, Carlow",Brewing and Distilling,307.0,
CW188,454.0,,451.0,448.0,Health,"Institute of Technology, Carlow",Sport Rehabilitation and Athletic Therapy,451.0,
CW208,281.0,,279.0,,Information and Communication Technologies (ICTs),"Institute of Technology, Carlow",Computer Games Development,272.0,
CW238,300.0,,297.0,,Information and Communication Technologies (ICTs),"Institute of Technology, Carlow",Software Development,295.0,
CW248,307.0,,285.0,,Information and Communication Technologies (ICTs),"Institute of Technology, Carlow",Information Technology Management,293.0,
CW268,274.0,,287.0,,Information and Communication Technologies (ICTs),"Institute of Technology, Carlow",Computing in Interactive Digital Art and Design,291.0,
CW438,271.0,,272.0,,Architecture and construction,"Institute of Technology, Carlow",Construction (options),260.0,251.0
CW468,252.0,,262.0,,Architecture and construction,"Institute of Technology, Carlow",Architectural Technology,291.0,283.0
CW478,348.0,,433.0,,Architecture and construction,"Institute of Technology, Carlow",Civil Engineering,465.0,
CW548,310.0,,321.0,,Engineering and engineering trades,"Institute of Technology, Carlow",Mechanical Engineering,330.0,328.0
CW558,279.0,,280.0,,Engineering and engineering trades,"Institute of Technology, Carlow",Electronic Systems,280.0,
CW568,366.0,,380.0,,Engineering and engineering trades,"Institute of Technology, Carlow",Aerospace Engineering,371.0,359.0
CW578,327.0,,325.0,,Arts,"Institute of Technology, Carlow",TV and Media Production,318.0,
CW708,298.0,,302.0,,Law,"Institute of Technology, Carlow",Law - LLB,292.0,
CW728,286.0,,252.0,,Arts,"Institute of Technology, Carlow",Product Design Innovation,246.0,
CW748,265.0,,270.0,,Welfare,"Institute of Technology, Carlow",Early Childhood Education and Care,290.0,
CW758,290.0,,336.0,,Welfare,"Institute of Technology, Carlow",Professional Social Care Practice,360.0,358.0
CW808,248.0,,251.0,,Business and administration,"Institute of Technology, Carlow",Media and Public Relations,247.0,
CW848,279.0,,254.0,,Information and Communication Technologies (ICTs),"Institute of Technology, Carlow",Digital Marketing with Analytics,269.0,
CW858,700.0,,700.0,,Personal services,"Institute of Technology, Carlow",Sports Management and Coaching (options,,700.0
CW908,260.0,,280.0,,Business and administration,"Institute of Technology, Carlow",Business (options),272.0,
CW938,270.0,,283.0,,Business and administration,"Institute of Technology, Carlow",Business with Law,270.0,
CW948,301.0,,300.0,,Business and administration,"Institute of Technology, Carlow",Accounting,319.0,
PC405,251.0,,253.0,216.0,Social and behavioural sciences,"Carlow College, St. Patrick`s",Social,,263.0
PC410,203.0,,252.0,209.0,Humanities (except languages),"Carlow College, St. Patrick`s",Arts and Humanities (fulfils Teaching Council requ,262.0,230.0
PC411,168.0,,255.0,209.0,Humanities (except languages),"Carlow College, St. Patrick`s",English and History (fulfils Teaching Council requ,243.0,224.0
CR105,432.0,,443.0,,Engineering and engineering trades,Cork Institute of Technology,Chemical and Biopharmaceutical Engineering,443.0,
CR106,351.0,,411.0,,Information and Communication Technologies (ICTs),Cork Institute of Technology,Software Development,431.0,
CR108,425.0,,434.0,,Engineering and engineering trades,Cork Institute of Technology,Mechanical Engineering,434.0,
CR109,341.0,,394.0,,Architecture and construction,Cork Institute of Technology,Structural Engineering,396.0,
CR110,318.0,,311.0,,Transport services,Cork Institute of Technology,Automotive Business Management and Technology,336.0,
CR112,335.0,,361.0,,Arts,Cork Institute of Technology,Creative Digital Media at CIT Crawford College of,390.0,
CR116,318.0,,332.0,,Information and Communication Technologies (ICTs),Cork Institute of Technology,Computer Systems,365.0,
CR121,633.0,,868.0,,Arts,Cork Institute of Technology,Music at CIT Cork School of Music,904.0,904.0
CR125,972.0,,1088.0,,Arts,Cork Institute of Technology,Popular Music at CIT Cork School of Music,1028.0,
CR130,500.0,,548.0,518.0,Arts,Cork Institute of Technology,Musical Theatre at CIT Cork School of Music,525.0,
CR150,326.0,,335.0,,Business and administration,Cork Institute of Technology,Business Information Systems,350.0,
CR210,979.0,,,,Arts,Cork Institute of Technology,Contemporary Applied Art (Ceramics,,
CR220,620.0,,,,Arts,Cork Institute of Technology,Fine Art at CIT Crawford College of Art and Design,400.0,
CR225,920.0,,,,Arts,Cork Institute of Technology,Photography with New Media at CIT Crawford College,435.0,
CR305,279.0,,282.0,,Physical sciences,Cork Institute of Technology,Physical Sciences (Common Entry),260.0,
CR310,282.0,,297.0,,Information and Communication Technologies (ICTs),Cork Institute of Technology,IT Management,347.0,
CR320,546.0,,565.0,,Biological and related sciences,Cork Institute of Technology,Biomedical Science - Offered jointly by CIT and UC,590.0,
CR325,388.0,,398.0,,Biological and related sciences,Cork Institute of Technology,Pharmaceutical Biotechnology,466.0,
CR333,360.0,,402.0,,Health,Cork Institute of Technology,Nutrition and Health Science,425.0,
CR335,381.0,,420.0,,Biological and related sciences,Cork Institute of Technology,Biological Sciences (Common Entry),473.0,
CR340,288.0,,251.0,,Physical sciences,Cork Institute of Technology,Analytical Chemistry with Quality Assurance,327.0,
CR360,291.0,,261.0,,Physical sciences,Cork Institute of Technology,Instrument Engineering,301.0,
CR365,334.0,,253.0,,Environment,Cork Institute of Technology,Environmental Science and Sustainable Technology,262.0,
CR370,408.0,,397.0,,"Interdisciplinary programmes and qualifications involving agriculture, forestry and veterinary",Cork Institute of Technology,Agri-Biosciences,368.0,
CR400,316.0,,316.0,,Business and administration,Cork Institute of Technology,Accounting,315.0,
CR420,288.0,,285.0,,Business and administration,Cork Institute of Technology,Marketing,290.0,
CR425,300.0,,298.0,,Business and administration,Cork Institute of Technology,International Business with Language,279.0,
CR510,319.0,,320.0,,Environment,Cork Institute of Technology,Sustainable Energy Engineering,320.0,
CR520,434.0,,444.0,,Health,Cork Institute of Technology,Biomedical Engineering,444.0,
CR560,288.0,,308.0,,Architecture and construction,Cork Institute of Technology,Architectural Technology,375.0,
CR565,336.0,,359.0,,Architecture and construction,Cork Institute of Technology,Interior Architecture,431.0,
CR570,279.0,,336.0,,Architecture and construction,Cork Institute of Technology,Quantity Surveying,375.0,
CR572,253.0,,269.0,,Architecture and construction,Cork Institute of Technology,Construction Management,300.0,
CR580,344.0,,318.0,,Engineering and engineering trades,Cork Institute of Technology,Electrical Engineering,342.0,
CR590,342.0,,303.0,,Engineering and engineering trades,Cork Institute of Technology,Electronic Engineering,329.0,
CR600,587.0,,,,Arts,Cork Institute of Technology,Visual Communications at CIT Crawford College of A,280.0,
CR660,249.0,,252.0,,Personal services,Cork Institute of Technology,Tourism Management,246.0,
CR700,768.0,,740.0,645.0,Arts,Cork Institute of Technology,Theatre and Drama Studies at CIT Cork School of Mu,609.0,609.0
CK101,300.0,,300.0,,Arts,University College Cork (NUI),Arts - 3 years,300.0,
CK102,391.0,,412.0,,Social and behavioural sciences,University College Cork (NUI),Social Science,434.0,431.0
CK104,340.0,,302.0,,Arts,University College Cork (NUI),Arts with Music - 3 or 4 years (BMus or Chinese/Eu,339.0,
CK105,397.0,,368.0,337.0,Arts,University College Cork (NUI),Film and Screen Media - 3 years or 4 years (Intern,421.0,420.0
CK107,326.0,,328.0,,Humanities (except languages),University College Cork (NUI),Geographical and Archaeological Sciences - 3 or 4,312.0,
CK108,429.0,,401.0,,Languages,University College Cork (NUI),Arts International - 4 years,440.0,440.0
CK109,347.0,,318.0,,Languages,University College Cork (NUI),English - 3 years or 4 years (International Pathwa,367.0,357.0
CK110,456.0,,452.0,433.0,Languages,University College Cork (NUI),World Languages,488.0,
CK111,398.0,,419.0,,Welfare,University College Cork (NUI),Early Years and Childhood Studies,409.0,403.0
CK112,324.0,,330.0,,Arts,University College Cork (NUI),Theatre and Performative Practices - 3 or 4 years,371.0,
CK113,408.0,,423.0,,Social and behavioural sciences,University College Cork (NUI),Criminology - 3 years or 4 years (International Pa,464.0,463.0
CK118,307.0,,336.0,,Arts,University College Cork (NUI),Digital Humanities and IT - 3 or 4 years (Work Exp,347.0,339.0
CK120,506.0,,533.0,532.0,Social and behavioural sciences,University College Cork (NUI),Applied Psychology,544.0,543.0
CK121,393.0,,466.0,,Social and behavioural sciences,University College Cork (NUI),Psychology and Computing - 3 or 4 years (Work Expe,499.0,488.0
CK122,355.0,,337.0,328.0,Social and behavioural sciences,University College Cork (NUI),Government and Political Science,399.0,
CK201,465.0,,477.0,,Business and administration,University College Cork (NUI),Commerce,500.0,499.0
CK202,467.0,,509.0,,Business and administration,University College Cork (NUI),Accounting,553.0,543.0
CK203,409.0,,430.0,,Information and Communication Technologies (ICTs),University College Cork (NUI),Business Information Systems,455.0,452.0
CK204,531.0,,556.0,,Business and administration,University College Cork (NUI),Finance,566.0,566.0
CK205,409.0,,445.0,,Business and administration,University College Cork (NUI),Commerce (International) with French,465.0,
CK206,408.0,,420.0,418.0,Business and administration,University College Cork (NUI),Commerce (International) with German,466.0,455.0
CK207,408.0,,388.0,,Business and administration,University College Cork (NUI),Commerce (International) with Italian,423.0,418.0
CK208,431.0,,402.0,,Business and administration,University College Cork (NUI),Commerce (International) with Hispanic Studies,488.0,486.0
CK209,509.0,,484.0,,Business and administration,University College Cork (NUI),Commerce (International) with Irish,507.0,
CK211,398.0,,397.0,,Business and administration,University College Cork (NUI),Commerce (International) with Chinese Studies,385.0,
CK212,400.0,,444.0,,Social and behavioural sciences,University College Cork (NUI),Economics (through Transformational Learning) 3 or,445.0,444.0
CK301,476.0,,507.0,499.0,Law,University College Cork (NUI),Law (Pathways) -,34.0,533.0
CK302,453.0,,542.0,,Law,University College Cork (NUI),Law and French,545.0,
CK304,462.0,,540.0,,Law,University College Cork (NUI),Law and Irish,588.0,
CK307,522.0,,556.0,,Law,University College Cork (NUI),Law and Business,589.0,589.0
CK401,402.0,,468.0,,Information and Communication Technologies (ICTs),University College Cork (NUI),Computer Science,503.0,495.0
CK402,498.0,,510.0,509.0,Biological and related sciences,University College Cork (NUI),Biological and Chemical Sciences,555.0,555.0
CK404,412.0,,467.0,,Biological and related sciences,University College Cork (NUI),Biological,,500.0
CK405,476.0,,487.0,,Biological and related sciences,University College Cork (NUI),Genetics,543.0,
CK406,457.0,,485.0,472.0,Physical sciences,University College Cork (NUI),Chemical Sciences,532.0,
CK407,531.0,,566.0,565.0,Mathematics and statistics,University College Cork (NUI),Mathematical Sciences,566.0,
CK408,511.0,,554.0,542.0,Physical sciences,University College Cork (NUI),Physics and Astrophysics,566.0,
CK409,413.0,,432.0,,Physical sciences,University College Cork (NUI),Industrial Physics - Offered jointly by UCC and CI,465.0,
CK411,509.0,,510.0,,Information and Communication Technologies (ICTs),University College Cork (NUI),Data Science and Analytics,531.0,
CK504,492.0,,518.0,,Biological and related sciences,University College Cork (NUI),Nutritional Sciences,555.0,554.0
CK505,444.0,,441.0,440.0,Manufacturing and processing,University College Cork (NUI),Food Science,463.0,
CK600,465.0,,487.0,,Engineering and engineering trades,University College Cork (NUI),Engineering,510.0,509.0
CK606,465.0,,484.0,476.0,Architecture and construction,University College Cork (NUI),Architecture - Offered jointly by UCC and CIT,543.0,
CK701,729.0,,731.0,,Health,University College Cork (NUI),Medicine (Undergraduate Entry - HPAT required),738.0,737.0
CK702,590.0,,613.0,613.0,Health,University College Cork (NUI),Dentistry,625.0,625.0
CK703,577.0,,590.0,589.0,Health,University College Cork (NUI),Pharmacy,613.0,613.0
CK704,532.0,,566.0,555.0,Health,University College Cork (NUI),Occupational Therapy,601.0,
CK705,509.0,,520.0,,Health,University College Cork (NUI),Speech and Language Therapy,568.0,566.0
CK706,419.0,,454.0,,Health,University College Cork (NUI),Public Health Sciences,500.0,
CK707,510.0,,542.0,541.0,Health,University College Cork (NUI),Medical and Health Sciences,578.0,
CK710,440.0,,454.0,,Health,University College Cork (NUI),General Nursing,498.0,497.0
CK712,499.0,,533.0,,Health,University College Cork (NUI),Children`s and General Nursing (Integrated),565.0,
CK720,398.0,,423.0,,Health,University College Cork (NUI),Mental Health Nursing,455.0,452.0
CK730,359.0,,419.0,411.0,Health,University College Cork (NUI),Intellectual Disability Nursing,431.0,
CK740,444.0,,484.0,,Health,University College Cork (NUI),Midwifery,509.0,
AC120,234.0,,209.0,,Business and administration,American College,International Business,294.0,294.0
AC137,252.0,,252.0,,Humanities (except languages),American College,Liberal Arts,271.0,270.0
CT125,235.0,,220.0,,Information and Communication Technologies (ICTs),CCT College Dublin,Computing and IT,242.0,242.0
CM001,452.0,,484.0,,Education,Marino Institute of Education,Education - Primary Teaching,508.0,
CM002,421.0,,,,Education,Marino Institute of Education,Education - Primary Teaching - Gaeltacht Applicant,462.0,
CM003,491.0,,528.0,,Education,Marino Institute of Education,Oideachas – Bunmhúinteoireacht Trí Mheán na Gaeilg,513.0,
CM004,492.0,,494.0,,Education,Marino Institute of Education,Oideachas - Bunmhúinteoireacht Trí Mheán na Gaeilg,480.0,
CM010,317.0,,319.0,,Education,Marino Institute of Education,Education Studies,382.0,327.0
CM020,336.0,,327.0,,Education,Marino Institute of Education,Early Childhood Education,317.0,
DB500,242.0,,218.0,218.0,Information and Communication Technologies (ICTs),Dublin Business School,Computing,234.0,234.0
DB501,326.0,,227.0,227.0,Information and Communication Technologies (ICTs),Dublin Business School,Computing (Cloud Computing),178.0,
DB502,269.0,,341.0,341.0,Information and Communication Technologies (ICTs),Dublin Business School,Computing (Data Analytics and Big Data),267.0,233.0
DB510,233.0,,234.0,223.0,Arts,Dublin Business School,Audio Production and Music Project Management,217.0,217.0
DB512,229.0,,218.0,203.0,Business and administration,Dublin Business School,Business Studies,243.0,210.0
DB514,269.0,,252.0,,Business and administration,Dublin Business School,Business Studies (Law),239.0,225.0
DB515,225.0,,244.0,244.0,Business and administration,Dublin Business School,Business Studies (Human Resource Management),242.0,217.0
DB517,226.0,,238.0,,Business and administration,Dublin Business School,Marketing (Event Management),233.0,225.0
DB521,225.0,,225.0,195.0,Business and administration,Dublin Business School,Accounting and Finance,243.0,228.0
DB524,402.0,,342.0,309.0,Information and Communication Technologies (ICTs),Dublin Business School,Business (Information Systems),247.0,239.0
DB526,253.0,,347.0,,Information and Communication Technologies (ICTs),Dublin Business School,Business (Cloud Computing),244.0,244.0
DB527,235.0,,234.0,260.0,Social and behavioural sciences,Dublin Business School,Applied Social Care,254.0,219.0
DB531,220.0,,293.0,,Business and administration,Dublin Business School,Marketing,288.0,176.0
DB562,208.0,,243.0,229.0,Social and behavioural sciences,Dublin Business School,Psychology,244.0,233.0
DB566,216.0,,220.0,227.0,Social and behavioural sciences,Dublin Business School,Social Science,262.0,228.0
DB567,192.0,,218.0,202.0,Arts,Dublin Business School,Film and Creative Media,245.0,213.0
DB568,245.0,,219.0,252.0,Law,Dublin Business School,Law,254.0,228.0
DC001,398.0,,440.0,,Education,Dublin City University,Education - Early Childhood Education,445.0,
DC002,462.0,,488.0,,Education,Dublin City University,Education - Primary Teaching,518.0,
DC003,433.0,,445.0,,Education,Dublin City University,Education - Primary Teaching - Gaeltacht Applicant,489.0,
DC004,357.0,,411.0,409.0,Education,Dublin City University,Education - Primary Teaching (Church of Ireland Ce,451.0,
DC009,347.0,,376.0,,Arts,Dublin City University,Arts (Joint Honours) - Humanities,356.0,
DC010,386.0,,441.0,429.0,Education,Dublin City University,Post Primary Teacher Education - Religious Educati,384.0,
DC011,352.0,,412.0,391.0,Education,Dublin City University,Post Primary Teacher Education - Religious Educati,409.0,
DC012,367.0,,378.0,,Education,Dublin City University,Post Primary Teacher Education - Religious Educati,409.0,
DC013,410.0,,419.0,,Education,Dublin City University,Post Primary Teacher Ed - Gaeilge with French/Germ,413.0,
DC014,428.0,,419.0,,Arts,Dublin City University,BA in Jazz and Contemporary Music Performance (aud,311.0,
DC110,440.0,,465.0,,Languages,Dublin City University,Business Studies International,498.0,
DC111,463.0,,488.0,,Business and administration,Dublin City University,Business Studies,511.0,
DC112,495.0,,517.0,510.0,Business and administration,Dublin City University,Global Business (France),542.0,
DC113,440.0,,462.0,,Business and administration,Dublin City University,Global Business (Germany),484.0,
DC114,501.0,,522.0,,Business and administration,Dublin City University,Global Business (Spain),544.0,
DC115,487.0,,510.0,,Business and administration,Dublin City University,Accounting and Finance,544.0,
DC116,578.0,,579.0,,Business and administration,Dublin City University,Global Business (USA),613.0,
DC117,463.0,,476.0,475.0,Engineering and engineering trades,Dublin City University,Aviation Management / Aviation Management with Pil,484.0,
DC118,357.0,,359.0,,Business and administration,Dublin City University,Gná agus Gaeilge / Business and Irish,368.0,
DC119,566.0,,564.0,,Business and administration,Dublin City University,Global Business (Canada),601.0,
DC120,350.0,,357.0,,Information and Communication Technologies (ICTs),Dublin City University,Computing for Business,403.0,402.0
DC121,370.0,,400.0,,Information and Communication Technologies (ICTs),Dublin City University,Computer Science,475.0,
DC123,467.0,,465.0,,Information and Communication Technologies (ICTs),Dublin City University,Data Science,501.0,
DC126,520.0,,560.0,,Mathematics and statistics,Dublin City University,Actuarial Mathematics,577.0,
DC127,509.0,,532.0,520.0,Mathematics and statistics,Dublin City University,Common Entry into Actuarial and Financial Mathemat,541.0,
DC131,400.0,,407.0,402.0,Humanities (except languages),Dublin City University,Communication Studies,421.0,
DC132,401.0,,429.0,422.0,Journalism and information,Dublin City University,Journalism,452.0,
DC133,403.0,,411.0,410.0,Arts,Dublin City University,Multimedia,435.0,
DC155,371.0,,387.0,,Languages,Dublin City University,Applied Language and Translation Studies,427.0,
DC161,446.0,,498.0,489.0,Physical sciences,Dublin City University,Analytical Science,498.0,
DC162,488.0,,521.0,,Physical sciences,Dublin City University,Chemical and Pharmaceutical Sciences,531.0,
DC166,412.0,,433.0,399.0,Environment,Dublin City University,Environmental Science and Technology,423.0,
DC168,489.0,,512.0,510.0,Biological and related sciences,Dublin City University,Genetics and Cell Biology,543.0,
DC181,476.0,,499.0,495.0,Biological and related sciences,Dublin City University,Biotechnology,530.0,
DC190,391.0,,413.0,,Engineering and engineering trades,Dublin City University,Electronic and Computer Engineering (with choice o,488.0,
DC193,404.0,,411.0,,Engineering and engineering trades,Dublin City University,Mechatronic Engineering,490.0,
DC195,401.0,,425.0,,Engineering and engineering trades,Dublin City University,Mechanical and Manufacturing Engineering,500.0,
DC197,402.0,,423.0,,Health,Dublin City University,Biomedical Engineering,510.0,
DC200,381.0,,422.0,,Engineering and engineering trades,Dublin City University,Common Entry into Engineering (Undenominated Entry,511.0,510.0
DC202,467.0,,500.0,498.0,Health,Dublin City University,Sport Science and Health,511.0,
DC203,424.0,,435.0,,Education,Dublin City University,Science Education,462.0,
DC204,484.0,,522.0,519.0,Health,Dublin City University,Athletic Therapy and Training,558.0,
DC205,490.0,,531.0,,Education,Dublin City University,Physical Education with Biology,565.0,
DC206,443.0,,499.0,,Education,Dublin City University,Physical Education with Mathematics,521.0,
DC208,509.0,,532.0,521.0,Social and behavioural sciences,Dublin City University,Psychology,565.0,
DC209,419.0,,465.0,440.0,Health,Dublin City University,Health and Society,477.0,
DC215,414.0,,454.0,433.0,Health,Dublin City University,General Nursing,456.0,
DC216,368.0,,418.0,403.0,Health,Dublin City University,Mental Health Nursing,420.0,
DC218,467.0,,500.0,498.0,Health,Dublin City University,Children`s and General Nursing (Integrated),521.0,
DC230,400.0,,435.0,,Social and behavioural sciences,Dublin City University,Economics,,431.0
DC231,387.0,,397.0,,Social and behavioural sciences,Dublin City University,International Relations,398.0,
DC232,453.0,,466.0,,Law,Dublin City University,Law and Society (BCL),469.0,
DC235,307.0,,309.0,,Education,Dublin City University,Education and Training - Daytime and Flexible Deli,302.0,
DC238,358.0,,377.0,,Humanities (except languages),Dublin City University,Social Sciences and Cultural Innovation,387.0,
DC240,451.0,,476.0,474.0,Business and administration,Dublin City University,Marketing,,499.0
DC291,349.0,,376.0,,Arts,Dublin City University,Arts (Joint Honours) - Media Studies,350.0,
DC292,356.0,,403.0,,Arts,Dublin City University,Arts (Joint Honours) - Law,400.0,
DC293,369.0,,377.0,,Arts,Dublin City University,Arts (Joint Honours) - International Languages,379.0,
DC295,348.0,,376.0,,Arts,Dublin City University,Arts (Joint Honours) - Politics,349.0,
DL822,209.0,,229.0,229.0,Business and administration,"Dun Laoghaire Institute of Art, Design and Technology",Arts Management,254.0,
DL823,260.0,,235.0,,Business and administration,"Dun Laoghaire Institute of Art, Design and Technology",Business Management,220.0,
DL825,349.0,,379.0,,Social and behavioural sciences,"Dun Laoghaire Institute of Art, Design and Technology",Applied Psychology,418.0,413.0
DL826,736.0,,855.0,,Arts,"Dun Laoghaire Institute of Art, Design and Technology",Graphic Design,591.0,
DL827,583.0,,572.0,,Arts,"Dun Laoghaire Institute of Art, Design and Technology",Art,574.0,
DL832,855.0,,920.0,,Arts,"Dun Laoghaire Institute of Art, Design and Technology",Animation,989.0,
DL833,636.0,,650.0,,Arts,"Dun Laoghaire Institute of Art, Design and Technology",Photography and Visual Media,671.0,671.0
DL836,217.0,,219.0,,Information and Communication Technologies (ICTs),"Dun Laoghaire Institute of Art, Design and Technology",Creative Computing,235.0,
DL837,290.0,,201.0,,Humanities (except languages),"Dun Laoghaire Institute of Art, Design and Technology",New Media Studies,298.0,293.0
DL838,746.0,,754.0,,Arts,"Dun Laoghaire Institute of Art, Design and Technology",Creative Music Production,713.0,
GC200,269.0,,252.0,252.0,Business and administration,Griffith College,Business,269.0,242.0
GC201,251.0,,303.0,303.0,Business and administration,Griffith College,Accounting and Finance,260.0,226.0
GC230,228.0,,335.0,325.0,Information and Communication Technologies (ICTs),Griffith College,Computing Science,300.0,289.0
GC300,251.0,,429.0,,Business and administration,Griffith College,Business,264.0,264.0
GC301,307.0,,253.0,253.0,Business and administration,Griffith College,Accounting and Finance,251.0,
GC302,269.0,,,,Business and administration,Griffith College,Business - HRM,377.0,377.0
GC400,246.0,,248.0,248.0,Business and administration,Griffith College,Business,250.0,228.0
GC401,181.0,,240.0,227.0,Business and administration,Griffith College,Accounting and Finance,242.0,242.0
GC403,225.0,,244.0,228.0,Law,Griffith College,Law,245.0,242.0
GC407,246.0,,280.0,280.0,Business and administration,Griffith College,Business (Marketing),264.0,264.0
GC430,217.0,,252.0,220.0,Information and Communication Technologies (ICTs),Griffith College,Computing Science,251.0,251.0
GC450,227.0,,254.0,254.0,Journalism and information,Griffith College,Communications and Media Production,225.0,225.0
GC462,,,,,Arts,Griffith College,Design Communication (portfolio),300.0,
GC489,267.0,,254.0,,Arts,Griffith College,Interior Architecture (portfolio),288.0,274.0
GC494,,,337.0,217.0,Arts,Griffith College,Fashion Design (portfolio),351.0,
AD101,,550.0,,,Arts,National College of Art and Design,First Year Art and Design (Common Entry portfolio),554.0,
AD102,,635.0,,,Arts,National College of Art and Design,Graphic Design and Moving Image Design (portfolio),538.0,
AD103,,545.0,,,Arts,National College of Art and Design,Textile and Surface Design and Jewellery and Objec,505.0,
AD202,,580.0,,,Education,National College of Art and Design,Education and Design or Fine Art (Second Level Tea,591.0,
AD204,,600.0,,,Arts,National College of Art and Design,Fine Art (portfolio),514.0,
AD211,,600.0,,,Arts,National College of Art and Design,Fashion Design (portfolio),760.0,679.0
AD212,,600.0,,,Arts,National College of Art and Design,Product Design (portfolio),413.0,
AD215,300.0,338.0,377.0,320.0,Arts,National College of Art and Design,Visual Culture,337.0,300.0
AD217,,625.0,,,Arts,National College of Art and Design,Illustration (portfolio),738.0,
AD222,,657.0,,,Information and Communication Technologies (ICTs),National College of Art and Design,Interaction Design (portfolio),444.0,
NC003,261.0,316.0,260.0,,Information and Communication Technologies (ICTs),National College of Ireland (NCI),Computing (Degree Award options),271.0,
NC005,297.0,320.0,300.0,,Business and administration,National College of Ireland (NCI),Human Resource Management,301.0,
NC009,297.0,339.0,300.0,,Business and administration,National College of Ireland (NCI),Business,300.0,
NC010,366.0,399.0,400.0,,Social and behavioural sciences,National College of Ireland (NCI),Psychology,420.0,
NC020,270.0,307.0,280.0,,Business and administration,National College of Ireland (NCI),Marketing Practice,270.0,
NC022,338.0,376.0,337.0,,Business and administration,National College of Ireland (NCI),Accounting and Finance,330.0,
NC023,260.0,303.0,261.0,,Information and Communication Technologies (ICTs),National College of Ireland (NCI),Technology Management (with specialisations),266.0,
RC001,729.0,733.0,733.0,,Health,RCSI University of Medicine & Health Sciences,Medicine - Undergraduate Entry (HPAT required),741.0,740.0
RC004,532.0,542.0,566.0,,Health,RCSI University of Medicine & Health Sciences,Physiotherapy,589.0,589.0
RC005,555.0,566.0,579.0,,Health,RCSI University of Medicine & Health Sciences,Pharmacy,613.0,613.0
TR002,414.0,473.0,435.0,429.0,Arts,Trinity College Dublin,Music,508.0,477.0
TR003,486.0,518.0,497.0,493.0,Humanities (except languages),Trinity College Dublin,History,552.0,543.0
TR004,532.0,552.0,566.0,565.0,Law,Trinity College Dublin,Law,590.0,589.0
TR005,391.0,446.0,442.0,,Humanities (except languages),Trinity College Dublin,Philosophy,510.0,497.0
TR006,555.0,577.0,567.0,555.0,Social and behavioural sciences,Trinity College Dublin,Psychology,601.0,590.0
TR007,499.0,529.0,529.0,,Health,Trinity College Dublin,Clinical Speech and Language Studies,564.0,
TR009,430.0,465.0,420.0,,Education,Trinity College Dublin,Music Education,496.0,486.0
TR015,566.0,577.0,589.0,,Social and behavioural sciences,Trinity College Dublin,Philosophy,,
TR016,337.0,372.0,340.0,,Languages,Trinity College Dublin,Deaf Studies,389.0,
TR018,532.0,554.0,565.0,,Law,Trinity College Dublin,Law and French,602.0,602.0
TR019,523.0,555.0,543.0,542.0,Law,Trinity College Dublin,Law and German,577.0,567.0
TR021,377.0,495.0,370.0,,Humanities (except languages),Trinity College Dublin,Classics,,467.0
TR022,347.0,407.0,398.0,,Languages,Trinity College Dublin,Early and Modern Irish,377.0,
TR023,463.0,511.0,487.0,476.0,Languages,Trinity College Dublin,English Studies,546.0,541.0
TR024,520.0,544.0,544.0,542.0,Humanities (except languages),Trinity College Dublin,European Studies,566.0,
TR025,489.0,531.0,564.0,530.0,Arts,Trinity College Dublin,Drama and Theatre Studies,543.0,519.0
TR028,339.0,451.0,342.0,,Humanities (except languages),Trinity College Dublin,Ancient and Medieval History and Culture,498.0,463.0
TR031,566.0,589.0,531.0,,Mathematics and statistics,Trinity College Dublin,Mathematics,579.0,578.0
TR032,487.0,520.0,510.0,509.0,Engineering and engineering trades,Trinity College Dublin,Engineering,556.0,555.0
TR033,465.0,488.0,509.0,,Information and Communication Technologies (ICTs),Trinity College Dublin,Computer Science,566.0,549.0
TR034,589.0,602.0,613.0,,Business and administration,Trinity College Dublin,Management Science and Information Systems Studies,625.0,625.0
TR035,554.0,601.0,543.0,,Physical sciences,Trinity College Dublin,Theoretical Physics,590.0,589.0
TR038,499.0,543.0,532.0,,Engineering and engineering trades,Trinity College Dublin,Engineering with Management,589.0,589.0
TR040,485.0,,466.0,,Languages,Trinity College Dublin,Middle Eastern and European Languages and Cultures,520.0,499.0
TR041,347.0,,368.0,,Humanities (except languages),Trinity College Dublin,Religion,417.0,
TR051,730.0,,735.0,734.0,Health,Trinity College Dublin,Medicine (HPAT required),743.0,743.0
TR052,590.0,,613.0,613.0,Health,Trinity College Dublin,Dental Science,625.0,625.0
TR053,533.0,,566.0,566.0,Health,Trinity College Dublin,Physiotherapy,590.0,
TR054,500.0,,533.0,,Health,Trinity College Dublin,Occupational Therapy,578.0,577.0
TR055,510.0,,543.0,,Health,Trinity College Dublin,Radiation Therapy,577.0,566.0
TR056,543.0,,565.0,,Health,Trinity College Dublin,Human Health and Disease,601.0,
TR060,510.0,,543.0,543.0,Biological and related sciences,Trinity College Dublin,Biological and Biomedical Sciences,578.0,577.0
TR061,488.0,,517.0,510.0,Physical sciences,Trinity College Dublin,Chemical Sciences,558.0,554.0
TR062,435.0,,473.0,,Physical sciences,Trinity College Dublin,Geography and Geoscience,495.0,
TR063,498.0,,498.0,498.0,Physical sciences,Trinity College Dublin,Physical Sciences,554.0,543.0
TR072,555.0,,590.0,,Health,Trinity College Dublin,Pharmacy,613.0,613.0
TR080,565.0,,589.0,,Business and administration,Trinity College Dublin,Global Business,613.0,
TR081,518.0,,543.0,543.0,Social and behavioural sciences,Trinity College Dublin,Business,,577.0
TR084,420.0,,462.0,,Welfare,Trinity College Dublin,Social Studies (Social Work),497.0,487.0
TR085,509.0,,540.0,531.0,Business and administration,Trinity College Dublin,Business Studies and French,564.0,
TR086,474.0,,509.0,499.0,Business and administration,Trinity College Dublin,Business Studies and German,530.0,
TR087,467.0,,474.0,465.0,Business and administration,Trinity College Dublin,Business Studies and Russian,487.0,
TR089,393.0,,444.0,424.0,Business and administration,Trinity College Dublin,Business Studies and Polish,391.0,
TR090,510.0,,531.0,,Business and administration,Trinity College Dublin,Business Studies and Spanish,566.0,
TR091,393.0,,429.0,,Health,Trinity College Dublin,General Nursing (Meath and St James`s),462.0,456.0
TR093,378.0,,430.0,429.0,Health,Trinity College Dublin,General Nursing (Adelaide School of Nursing),473.0,
TR095,358.0,,408.0,,Health,Trinity College Dublin,Mental Health Nursing,442.0,
TR097,346.0,,396.0,,Health,Trinity College Dublin,Intellectual Disability Nursing,412.0,410.0
TR911,476.0,,511.0,510.0,Health,Trinity College Dublin,Children`s and General Nursing (Integrated),531.0,
TR913,423.0,,478.0,477.0,Health,Trinity College Dublin,Midwifery,521.0,
DN100,473.0,,510.0,,Architecture and construction,University College Dublin (NUI),Architecture,555.0,
DN120,353.0,,407.0,,Architecture and construction,University College Dublin (NUI),Landscape Architecture,463.0,435.0
DN130,367.0,,407.0,400.0,Architecture and construction,University College Dublin (NUI),City Planning and Environmental Policy,445.0,424.0
DN150,511.0,,531.0,521.0,Engineering and engineering trades,University College Dublin (NUI),Engineering (Common Entry),565.0,
DN200,521.0,,533.0,,"Interdisciplinary programmes and qualifications involving natural sciences, Mathematics and statistics",University College Dublin (NUI),Science (options),577.0,567.0
DN201,488.0,,510.0,,Information and Communication Technologies (ICTs),University College Dublin (NUI),Computer Science (Common Entry),554.0,549.0
DN230,577.0,,601.0,,Mathematics and statistics,University College Dublin (NUI),Actuarial and Financial Studies,613.0,613.0
DN250,420.0,,456.0,455.0,"Interdisciplinary programmes and qualifications involving agriculture, forestry and veterinary",University College Dublin (NUI),Agricultural Science (options),454.0,444.0
DN261,434.0,,477.0,,Agriculture,University College Dublin (NUI),Food Science,531.0,
DN262,493.0,,531.0,,Health,University College Dublin (NUI),Human Nutrition,566.0,
DN300,567.0,,589.0,,Veterinary,University College Dublin (NUI),Veterinary Medicine - Undergraduate Entry,601.0,
DN310,441.0,,478.0,477.0,Veterinary,University College Dublin (NUI),Veterinary Nursing,521.0,509.0
DN400,735.0,,737.0,736.0,Health,University College Dublin (NUI),Medicine - Undergraduate Entry (HPAT required),743.0,
DN410,507.0,,534.0,532.0,Health,University College Dublin (NUI),Radiography,566.0,566.0
DN420,542.0,,578.0,577.0,Health,University College Dublin (NUI),Physiotherapy,601.0,601.0
DN425,488.0,,510.0,509.0,Health,University College Dublin (NUI),Health and Performance Science,544.0,543.0
DN430,436.0,,455.0,445.0,Business and administration,University College Dublin (NUI),Sport and Exercise Management,484.0,476.0
DN450,398.0,,429.0,424.0,Health,University College Dublin (NUI),General Nursing,462.0,
DN451,462.0,,509.0,506.0,Health,University College Dublin (NUI),Children`s and General Nursing (Integrated),533.0,
DN452,409.0,,489.0,476.0,Health,University College Dublin (NUI),Midwifery,510.0,509.0
DN453,379.0,,397.0,393.0,Health,University College Dublin (NUI),Mental Health Nursing,442.0,
DN520,336.0,,310.0,,Arts,University College Dublin (NUI),Joint Honours (options),381.0,378.0
DN530,348.0,,340.0,336.0,Humanities (except languages),University College Dublin (NUI),Humanities (options),397.0,388.0
DN541,348.0,,303.0,,Languages,University College Dublin (NUI),Modern Languages (options),320.0,
DN600,520.0,,546.0,544.0,Law,University College Dublin (NUI),Law (options),576.0,567.0
DN610,521.0,,545.0,,Business and administration,University College Dublin (NUI),Business and Law,573.0,567.0
DN650,498.0,,521.0,521.0,Business and administration,University College Dublin (NUI),Commerce,555.0,
DN660,507.0,,517.0,511.0,Business and administration,University College Dublin (NUI),Commerce International (options),555.0,554.0
DN670,601.0,,613.0,,Business and administration,University College Dublin (NUI),Economics and Finance,625.0,625.0
DN700,388.0,,421.0,419.0,Social and behavioural sciences,University College Dublin (NUI),Social Sciences (options),475.0,474.0
DN710,476.0,,498.0,498.0,Social and behavioural sciences,University College Dublin (NUI),Economics,534.0,532.0
DN720,517.0,,530.0,522.0,Social and behavioural sciences,University College Dublin (NUI),Psychology,566.0,564.0
DN750,330.0,,378.0,,Social and behavioural sciences,University College Dublin (NUI),Social Policy and Sociology,421.0,
DK810,306.0,,305.0,305.0,Business and administration,Dundalk Institute of Technology,Accounting and Finance,307.0,307.0
DK816,300.0,,300.0,300.0,Business and administration,Dundalk Institute of Technology,Business Studies,301.0,301.0
DK820,307.0,,311.0,311.0,Information and Communication Technologies (ICTs),Dundalk Institute of Technology,Computing in Games Development,309.0,309.0
DK821,301.0,,302.0,302.0,Information and Communication Technologies (ICTs),Dundalk Institute of Technology,Computing in Software Development,320.0,316.0
DK830,302.0,,336.0,,Architecture and construction,Dundalk Institute of Technology,Building Surveying,305.0,
DK831,301.0,,389.0,,Architecture and construction,Dundalk Institute of Technology,Architectural Technology,368.0,314.0
DK832,300.0,,387.0,,Architecture and construction,Dundalk Institute of Technology,Construction Management,358.0,305.0
DK843,303.0,,340.0,340.0,Engineering and engineering trades,Dundalk Institute of Technology,Engineering (Common Entry),404.0,391.0
DK861,300.0,,302.0,302.0,Social and behavioural sciences,Dundalk Institute of Technology,Arts,302.0,302.0
DK862,300.0,,301.0,,Welfare,Dundalk Institute of Technology,Social Care,322.0,319.0
DK863,300.0,,308.0,308.0,Arts,Dundalk Institute of Technology,Creative Media,336.0,320.0
DK864,300.0,,300.0,300.0,Arts,Dundalk Institute of Technology,Film and Television Production,308.0,
DK865,301.0,,301.0,,Arts,Dundalk Institute of Technology,Audio and Music Production,352.0,
DK870,392.0,,403.0,401.0,Health,Dundalk Institute of Technology,General Nursing,440.0,440.0
DK872,300.0,,336.0,,Health,Dundalk Institute of Technology,Intellectual Disability Nursing,367.0,366.0
DK874,356.0,,356.0,,Health,Dundalk Institute of Technology,Mental Health Nursing,398.0,
DK876,305.0,,321.0,,Welfare,Dundalk Institute of Technology,Early Childhood Studies,300.0,
DK877,398.0,,440.0,,Health,Dundalk Institute of Technology,Midwifery,482.0,477.0
DK880,300.0,,328.0,,Health,Dundalk Institute of Technology,Health and Physical Activity,301.0,
DK882,303.0,,310.0,,"Interdisciplinary programmes and qualifications involving agriculture, forestry and veterinary",Dundalk Institute of Technology,Agriculture (Award options),342.0,
DK883,300.0,,358.0,321.0,"Interdisciplinary programmes and qualifications involving natural sciences, Mathematics and statistics",Dundalk Institute of Technology,Science (Award options),373.0,368.0
GA181,303.0,,309.0,,Business and administration,Galway-Mayo Institute of Technology,Accounting,303.0,
GA182,290.0,,287.0,,Business and administration,Galway-Mayo Institute of Technology,Business,285.0,
GA183,309.0,,296.0,,Information and Communication Technologies (ICTs),Galway-Mayo Institute of Technology,Business Information Systems,298.0,
GA184,307.0,,307.0,,Business and administration,Galway-Mayo Institute of Technology,Marketing and Sales,300.0,
GA185,307.0,,293.0,,Business and administration,Galway-Mayo Institute of Technology,Finance and Economics,318.0,
GA186,297.0,,280.0,,Business and administration,Galway-Mayo Institute of Technology,Business with Entrepreneurship,287.0,
GA187,280.0,,281.0,,Agriculture,Galway-Mayo Institute of Technology,Rural Enterprise and Agri-Business,291.0,
GA281,287.0,,304.0,,Arts,Galway-Mayo Institute of Technology,Film and Documentary,310.0,301.0
GA282,238.0,,220.0,,Social and behavioural sciences,Galway-Mayo Institute of Technology,Heritage Studies,252.0,
GA283,260.0,,679.0,,Arts,Galway-Mayo Institute of Technology,Contemporary Art (portfolio),790.0,
GA284,309.0,,303.0,,Arts,Galway-Mayo Institute of Technology,Design,331.0,
GA380,225.0,,242.0,,Personal services,Galway-Mayo Institute of Technology,International Hotel Management,218.0,
GA381,261.0,,278.0,,Personal services,Galway-Mayo Institute of Technology,International Tourism Management,252.0,
GA382,225.0,,206.0,,Manufacturing and processing,Galway-Mayo Institute of Technology,Culinary and Gastronomic Science,235.0,
GA480,260.0,,260.0,,Architecture and construction,Galway-Mayo Institute of Technology,Construction Management,302.0,
GA482,280.0,,288.0,,Architecture and construction,Galway-Mayo Institute of Technology,Quantity Surveying and Construction Economics,304.0,
GA483,251.0,,265.0,,Architecture and construction,Galway-Mayo Institute of Technology,Architectural Technology,281.0,273.0
GA484,270.0,,290.0,,Architecture and construction,Galway-Mayo Institute of Technology,Civil Engineering,377.0,
GA580,301.0,,300.0,,Engineering and engineering trades,Galway-Mayo Institute of Technology,Software and Electronic Engineering,300.0,
GA680,336.0,,330.0,,Engineering and engineering trades,Galway-Mayo Institute of Technology,Mechanical Engineering,400.0,
GA681,281.0,,293.0,,Engineering and engineering trades,Galway-Mayo Institute of Technology,Energy Engineering,312.0,
GA682,331.0,,313.0,,Engineering and engineering trades,Galway-Mayo Institute of Technology,Biomedical Engineering,331.0,
GA683,301.0,,309.0,,Engineering and engineering trades,Galway-Mayo Institute of Technology,Agricultural Engineering,304.0,
GA684,346.0,,340.0,,Engineering and engineering trades,Galway-Mayo Institute of Technology,Engineering Common Entry to Manu/Agri/Biomed/Energ,413.0,
GA780,300.0,,327.0,,Biological and related sciences,Galway-Mayo Institute of Technology,Applied Freshwater and Marine Biology,366.0,
GA781,317.0,,337.0,,Biological and related sciences,Galway-Mayo Institute of Technology,Applied Biology and Biopharmaceutical Science,381.0,
GA782,307.0,,336.0,,Environment,Galway-Mayo Institute of Technology,Chemical and Pharmaceutical Science,356.0,
GA783,373.0,,363.0,,Physical sciences,Galway-Mayo Institute of Technology,Physics and Instrumentation,301.0,
GA784,327.0,,372.0,,Biological and related sciences,Galway-Mayo Institute of Technology,Science (Undenominated),445.0,
GA785,451.0,,473.0,,Health,Galway-Mayo Institute of Technology,Medical Science,517.0,510.0
GA786,300.0,,317.0,,Physical sciences,Galway-Mayo Institute of Technology,Forensic Science and Analysis,408.0,
GA787,275.0,,270.0,,Information and Communication Technologies (ICTs),Galway-Mayo Institute of Technology,Computing in Software Development,310.0,
GA788,270.0,,274.0,,Information and Communication Technologies (ICTs),Galway-Mayo Institute of Technology,Computing and Digital Media,270.0,
GA789,297.0,,287.0,,Agriculture,Galway-Mayo Institute of Technology,Agriculture and Environmental Management,340.0,
GA790,350.0,,356.0,,Personal services,Galway-Mayo Institute of Technology,Sport and Exercise Science,376.0,366.0
GA791,364.0,,368.0,,Biological and related sciences,Galway-Mayo Institute of Technology,Public Health Nutrition,368.0,
GA880,389.0,,429.0,422.0,Health,Galway-Mayo Institute of Technology,General Nursing,440.0,
GA882,346.0,,367.0,,Health,Galway-Mayo Institute of Technology,Psychiatric Nursing,369.0,
GA885,210.0,,252.0,,Personal services,Galway-Mayo Institute of Technology,Outdoor Education,269.0,
GA887,228.0,,244.0,,Humanities (except languages),Galway-Mayo Institute of Technology,History and Geography,201.0,
GA889,260.0,,266.0,,Welfare,Galway-Mayo Institute of Technology,Applied Social Care,265.0,
GA890,278.0,,270.0,,Education,Galway-Mayo Institute of Technology,Early Childhood Education and Care,281.0,227.0
GA980,376.0,,377.0,,Education,Galway-Mayo Institute of Technology,Education (Design Graphics and Construction),410.0,
GY101,300.0,,300.0,,Arts,"National University of Ireland, Galway",Arts (Joint-Honours),327.0,326.0
GY104,507.0,,523.0,520.0,Social and behavioural sciences,"National University of Ireland, Galway",BSc (Psychology),564.0,555.0
GY105,318.0,,301.0,,Humanities (except languages),"National University of Ireland, Galway",Arts (History),357.0,
GY109,411.0,,403.0,,Education,"National University of Ireland, Galway",Arts (Mathematics and Education),413.0,
GY110,382.0,,357.0,,Social and behavioural sciences,"National University of Ireland, Galway",Arts (Children and Youth Studies - options),387.0,
GY111,402.0,,330.0,,Arts,"National University of Ireland, Galway",Arts (English and Creative Writing),421.0,420.0
GY113,338.0,,368.0,,Social and behavioural sciences,"National University of Ireland, Galway",Arts with Human Rights,413.0,
GY115,328.0,,387.0,,Arts,"National University of Ireland, Galway",Arts with Performing Arts Studies,300.0,
GY118,410.0,,451.0,,Arts,"National University of Ireland, Galway",Arts (Drama,,453.0
GY119,410.0,,400.0,,Journalism and information,"National University of Ireland, Galway",Arts (Journalism),484.0,473.0
GY122,308.0,,361.0,,Arts,"National University of Ireland, Galway",Na Dána (Cumarsáid agus Gaeilge),410.0,
GY123,357.0,,358.0,,Social and behavioural sciences,"National University of Ireland, Galway",Applied Social Sciences,419.0,
GY125,324.0,,328.0,,Arts,"National University of Ireland, Galway",Arts (Digital Arts and Technology),403.0,
GY127,387.0,,401.0,,Arts,"National University of Ireland, Galway",Arts (Film and Digital Media),430.0,421.0
GY128,370.0,,352.0,,Languages,"National University of Ireland, Galway",Arts (Global Languages),346.0,
GY130,400.0,,408.0,,Arts,"National University of Ireland, Galway",Arts (Music),462.0,
GY132,402.0,,407.0,,Social and behavioural sciences,"National University of Ireland, Galway",Government (Politics,,465.0
GY133,401.0,,422.0,,Education,"National University of Ireland, Galway",Education (Computer Science and Mathematical Studi,454.0,
GY201,420.0,,433.0,,Business and administration,"National University of Ireland, Galway",Commerce,476.0,
GY202,484.0,,484.0,,Business and administration,"National University of Ireland, Galway",Commerce (International) with French,520.0,
GY203,489.0,,489.0,,Business and administration,"National University of Ireland, Galway",Commerce (International) with German,518.0,
GY204,484.0,,495.0,,Business and administration,"National University of Ireland, Galway",Commerce (International) with Spanish,506.0,
GY206,431.0,,465.0,,Business and administration,"National University of Ireland, Galway",Business Information Systems (Work Placement and O,509.0,
GY207,486.0,,509.0,,Business and administration,"National University of Ireland, Galway",Commerce (Accounting) including optional Global Ex,543.0,
GY208,473.0,,473.0,,Business and administration,"National University of Ireland, Galway",Commerce (Gaeilge),508.0,
GY209,509.0,,530.0,,Business and administration,"National University of Ireland, Galway",Commerce (Global Experience),551.0,
GY250,436.0,,487.0,,Law,"National University of Ireland, Galway",Law and Business,510.0,
GY251,473.0,,499.0,,Law,"National University of Ireland, Galway",Law (BCL),542.0,
GY252,510.0,,520.0,,Law,"National University of Ireland, Galway",Law (BCL) and Human Rights,565.0,
GY261,486.0,,497.0,,Business and administration,"National University of Ireland, Galway",Business Studies in International Hotel Management,503.0,
GY262,671.0,,681.0,,Business and administration,"National University of Ireland, Galway",Commerce in International Hotel Management (interv,709.0,
GY301,400.0,,433.0,432.0,Biological and related sciences,"National University of Ireland, Galway",Science,489.0,488.0
GY303,533.0,,556.0,,Biological and related sciences,"National University of Ireland, Galway",Biomedical Science,613.0,
GY304,473.0,,465.0,,Engineering and engineering trades,"National University of Ireland, Galway",Biotechnology,498.0,495.0
GY308,413.0,,408.0,,Environment,"National University of Ireland, Galway",Environmental Science,431.0,430.0
GY309,454.0,,487.0,,Mathematics and statistics,"National University of Ireland, Galway",Financial Mathematics and Economics,509.0,
GY310,409.0,,419.0,,Physical sciences,"National University of Ireland, Galway",Marine Science,467.0,
GY313,402.0,,412.0,,Hygiene and occupational health services,"National University of Ireland, Galway",Environmental Health and Safety,412.0,
GY314,402.0,,403.0,,Physical sciences,"National University of Ireland, Galway",Earth and Ocean Sciences,422.0,
GY318,510.0,,509.0,,Biological and related sciences,"National University of Ireland, Galway",Biopharmaceutical Chemistry,555.0,
GY319,456.0,,476.0,,Mathematics and statistics,"National University of Ireland, Galway",Mathematical Science,543.0,
GY320,401.0,,402.0,,Physical sciences,"National University of Ireland, Galway",Physics (Degree options: Applied Astrophysics Biom,465.0,
GY350,425.0,,403.0,,Information and Communication Technologies (ICTs),"National University of Ireland, Galway",Computer Science and Information Technology,495.0,
GY401,444.0,,465.0,,Engineering and engineering trades,"National University of Ireland, Galway",Engineering (Undenominated),522.0,520.0
GY402,509.0,,455.0,,Architecture and construction,"National University of Ireland, Galway",Civil Engineering,533.0,521.0
GY405,443.0,,454.0,,Engineering and engineering trades,"National University of Ireland, Galway",Mechanical Engineering,541.0,
GY406,509.0,,510.0,,Engineering and engineering trades,"National University of Ireland, Galway",Electronic and Computer Engineering,555.0,
GY408,519.0,,509.0,,Engineering and engineering trades,"National University of Ireland, Galway",Biomedical Engineering,554.0,
GY410,434.0,,403.0,,Architecture and construction,"National University of Ireland, Galway",Project and Construction Management,431.0,
GY413,532.0,,502.0,,Engineering and engineering trades,"National University of Ireland, Galway",Energy Systems Engineering,509.0,
GY414,454.0,,405.0,,Engineering and engineering trades,"National University of Ireland, Galway",Electrical and Electronic Engineering,433.0,
GY501,726.0,,728.0,,Health,"National University of Ireland, Galway",Medicine (five year/six year course,,737.0
GY502,532.0,,555.0,,Health,"National University of Ireland, Galway",Occupational Therapy,601.0,
GY503,529.0,,543.0,,Health,"National University of Ireland, Galway",Speech and Language Therapy,578.0,
GY504,434.0,,443.0,,Health,"National University of Ireland, Galway",Podiatric Medicine,531.0,526.0
GY515,442.0,,476.0,473.0,Health,"National University of Ireland, Galway",General Nursing (Galway and Portiuncula),502.0,496.0
GY516,388.0,,440.0,,Health,"National University of Ireland, Galway",Mental Health Nursing,475.0,441.0
GY517,429.0,,495.0,,Health,"National University of Ireland, Galway",Midwifery,520.0,509.0
LY108,318.0,,309.0,,Business and administration,Letterkenny Institute of Technology,Business - Accounting,312.0,
LY118,287.0,,290.0,,Business and administration,Letterkenny Institute of Technology,Business,288.0,
LY208,300.0,,300.0,,Law,Letterkenny Institute of Technology,Law,300.0,290.0
LY228,278.0,,300.0,,Personal services,Letterkenny Institute of Technology,Sports and Exercise - Common Entry,290.0,
LY408,307.0,,320.0,,Arts,Letterkenny Institute of Technology,Design - Common Entry,301.0,
LY508,270.0,,276.0,,Architecture and construction,Letterkenny Institute of Technology,Fire Safety Engineering,283.0,
LY518,307.0,,301.0,,Architecture and construction,Letterkenny Institute of Technology,Quantity Surveying,304.0,
LY528,267.0,,271.0,,Architecture and construction,Letterkenny Institute of Technology,Construction Management,262.0,
LY618,307.0,,312.0,,Engineering and engineering trades,Letterkenny Institute of Technology,Electronic Engineering,321.0,
LY708,300.0,,306.0,,Information and Communication Technologies (ICTs),Letterkenny Institute of Technology,Applied Computing,320.0,
LY818,302.0,,303.0,,Biological and related sciences,Letterkenny Institute of Technology,Science - Common Entry,302.0,
LY828,300.0,,307.0,,Agriculture,Letterkenny Institute of Technology,Agriculture - Common Entry,308.0,300.0
LY908,383.0,,400.0,,Health,Letterkenny Institute of Technology,General Nursing,429.0,
LY918,291.0,,357.0,,Health,Letterkenny Institute of Technology,Psychiatric Nursing,367.0,
LY928,288.0,,326.0,,Health,Letterkenny Institute of Technology,Intellectual Disability Nursing,357.0,
LY968,300.0,,303.0,,Welfare,Letterkenny Institute of Technology,Early Childhood Care,,288.0
LY978,260.0,,280.0,,Health,Letterkenny Institute of Technology,Health and Social Care - Common Entry,279.0,
MI001,345.0,,375.0,,Arts,Mary Immaculate College,Contemporary and Applied Theatre Studies,209.0,
MI002,300.0,,300.0,281.0,Arts,Mary Immaculate College,Arts,280.0,
MI005,473.0,,495.0,,Education,Mary Immaculate College,Education - Primary Teaching,522.0,
MI006,442.0,,456.0,,Education,Mary Immaculate College,Education - Primary Teaching - Gaeltacht Applicant,485.0,
MI007,366.0,,357.0,,Education,Mary Immaculate College,Early Childhood Care and Education,409.0,
MI008,543.0,,588.0,,Education,Mary Immaculate College,Education and Psychology - Primary Teaching,590.0,
MI009,392.0,,402.0,,Education,Mary Immaculate College,Education,,434.0
MI010,326.0,,368.0,,Education,Mary Immaculate College,Education,,370.0
MI011,377.0,,409.0,,Education,Mary Immaculate College,Education,,407.0
MI012,398.0,,401.0,,Education,Mary Immaculate College,Education,,387.0
MI013,433.0,,444.0,,Education,Mary Immaculate College,Education,,509.0
LC110,734.0,,740.0,,Arts,Limerick Institute of Technology,Art and Design (Common Entry,,794.0
LC114,900.0,,880.0,,Arts,Limerick Institute of Technology,Fashion and Textiles for Product and Costume (port,914.0,
LC220,254.0,,262.0,,Business and administration,Limerick Institute of Technology,Digital Marketing,263.0,
LC223,308.0,,307.0,,Law,Limerick Institute of Technology,Law and Taxation,331.0,
LC224,299.0,,300.0,,Business and administration,Limerick Institute of Technology,Accounting and Finance,300.0,
LC225,298.0,,298.0,,Business and administration,Limerick Institute of Technology,Marketing and Management,298.0,
LC226,216.0,,234.0,234.0,Business and administration,Limerick Institute of Technology,Enterprise and Innovation,255.0,
LC233,300.0,,272.0,,Information and Communication Technologies (ICTs),Limerick Institute of Technology,Software Development,280.0,
LC234,219.0,,225.0,,Information and Communication Technologies (ICTs),Limerick Institute of Technology,Immersive Digital Media and Spatial Computing,226.0,
LC236,298.0,,262.0,260.0,Information and Communication Technologies (ICTs),Limerick Institute of Technology,Internet Systems Development,260.0,
LC239,335.0,,307.0,,Information and Communication Technologies (ICTs),Limerick Institute of Technology,Computer Networks and Systems Management,317.0,
LC241,276.0,,255.0,,Architecture and construction,Limerick Institute of Technology,Construction Management,326.0,
LC242,292.0,,282.0,,Architecture and construction,Limerick Institute of Technology,Property Valuation and Management,308.0,
LC243,281.0,,294.0,,Architecture and construction,Limerick Institute of Technology,Quantity Surveying,278.0,
LC248,307.0,,288.0,,Architecture and construction,Limerick Institute of Technology,Built Environment (Common Entry),300.0,
LC252,281.0,,270.0,,Architecture and construction,Limerick Institute of Technology,Civil Engineering Management,264.0,
LC263,282.0,,294.0,,Health,Limerick Institute of Technology,Medical Technology,391.0,
LC265,335.0,,413.0,,Physical sciences,Limerick Institute of Technology,Forensic and Pharmaceutical Sciences,498.0,
LC266,236.0,,262.0,,Environment,Limerick Institute of Technology,Drug and Medicinal Product Analysis,252.0,
LC275,288.0,,298.0,,Engineering and engineering trades,Limerick Institute of Technology,Electrical Engineering,361.0,347.0
LC288,307.0,,347.0,346.0,Engineering and engineering trades,Limerick Institute of Technology,Mechanical Engineering,378.0,369.0
LC289,280.0,,291.0,,Engineering and engineering trades,Limerick Institute of Technology,Precision Engineering,261.0,
LC292,360.0,,367.0,,Welfare,Limerick Institute of Technology,Social Care Work,374.0,
LC293,299.0,,307.0,,Personal services,Limerick Institute of Technology,Business Studies with Travel and Tourism Managemen,271.0,264.0
LC294,271.0,,279.0,,Personal services,Limerick Institute of Technology,Business Studies with Event Management,279.0,
LC295,263.0,,252.0,,Business and administration,Limerick Institute of Technology,Business Studies with Sports Management,262.0,
LC297,217.0,,235.0,,Social and behavioural sciences,Limerick Institute of Technology,Community and Addiction Studies,272.0,262.0
LC320,337.0,,346.0,,Business and administration,Limerick Institute of Technology,Business,381.0,
LC330,298.0,,297.0,,Information and Communication Technologies (ICTs),Limerick Institute of Technology,Business with Computing,328.0,308.0
LC340,298.0,,350.0,,Arts,Limerick Institute of Technology,Interior Design,391.0,368.0
LC371,298.0,,309.0,,Arts,Limerick Institute of Technology,Creative Broadcast and Film Production,325.0,310.0
LC372,321.0,,325.0,,Arts,Limerick Institute of Technology,Music Technology and Production,377.0,
LC374,317.0,,318.0,,Engineering and engineering trades,Limerick Institute of Technology,Renewable and Electrical Energy Engineering,337.0,319.0
LC375,321.0,,317.0,,Engineering and engineering trades,Limerick Institute of Technology,Industrial Automation and Robotic Systems,309.0,
LC376,308.0,,318.0,,Engineering and engineering trades,Limerick Institute of Technology,Electronic Engineering with Computer Systems,357.0,
LC380,282.0,,303.0,298.0,Transport services,Limerick Institute of Technology,Automotive Engineering and Transport Management,298.0,
LC392,217.0,,236.0,,Personal services,Limerick Institute of Technology,Business Studies in Beauty and Spa Management,328.0,317.0
LC393,260.0,,236.0,,Welfare,Limerick Institute of Technology,Early Childhood Education and Care,309.0,276.0
LC402,209.0,,225.0,,Welfare,Limerick Institute of Technology,Social Care Work,228.0,
LC408,262.0,,279.0,,Environment,Limerick Institute of Technology,Environmental Science and Climate,279.0,
LC418,271.0,,270.0,,Information and Communication Technologies (ICTs),Limerick Institute of Technology,Computing - Games Design and Development,260.0,256.0
LC422,288.0,,298.0,,Personal services,Limerick Institute of Technology,Applied Strength and Conditioning,289.0,
LC502,838.0,,852.0,,Information and Communication Technologies (ICTs),Limerick Institute of Technology,Game Art and Design (portfolio),841.0,
LC517,229.0,,234.0,,Information and Communication Technologies (ICTs),Limerick Institute of Technology,Creative Media and Design,279.0,
LC518,816.0,,808.0,,Information and Communication Technologies (ICTs),Limerick Institute of Technology,Digital Animation Production (portfolio),807.0,
LC612,319.0,,320.0,,Welfare,Limerick Institute of Technology,Social Care Work,309.0,
LM002,329.0,,348.0,,Humanities (except languages),University of Limerick,Arts,360.0,360.0
LM020,436.0,,465.0,,Law,University of Limerick,Law and Accounting,474.0,
LM026,307.0,,303.0,,Arts,University of Limerick,Performing Arts (audition format TBC),329.0,
LM028,387.0,,418.0,,Law,University of Limerick,Criminal Justice,420.0,
LM029,473.0,,490.0,,Law,University of Limerick,Law Plus,530.0,
LM038,478.0,,500.0,,Social and behavioural sciences,University of Limerick,Psychology and Sociology,530.0,
LM039,388.0,,402.0,,Journalism and information,University of Limerick,Journalism and Digital Communication,432.0,
LM040,350.0,,369.0,,Humanities (except languages),University of Limerick,European Studies,409.0,
LM044,404.0,,442.0,,Languages,University of Limerick,Applied Languages,429.0,
LM050,419.0,,431.0,,Business and administration,University of Limerick,Business Studies (options),451.0,
LM056,511.0,,528.0,,Business and administration,University of Limerick,International Business,555.0,
LM058,434.0,,403.0,,Mathematics and statistics,University of Limerick,Financial Mathematics,468.0,
LM063,372.0,,379.0,,Information and Communication Technologies (ICTs),University of Limerick,Technology Management,410.0,
LM068,400.0,,421.0,,Manufacturing and processing,University of Limerick,Food Science and Health,464.0,
LM076,402.0,,408.0,,Manufacturing and processing,University of Limerick,Product Design and Technology (portfolio required),401.0,
LM077,469.0,,520.0,,Engineering and engineering trades,University of Limerick,Aeronautical Engineering,567.0,
LM082,368.0,,398.0,,Manufacturing and processing,University of Limerick,Construction Management and Engineering,446.0,
LM089,441.0,,474.0,,Personal services,University of Limerick,Sport and Exercise Sciences,498.0,
LM090,498.0,,532.0,,Education,University of Limerick,Physical Education with concurrent Teacher Educati,552.0,544.0
LM092,478.0,,507.0,,Education,University of Limerick,Science with Teacher Ed (Biology with Physics/Chem,521.0,
LM093,338.0,,339.0,,Biological and related sciences,University of Limerick,Equine Science,367.0,
LM094,405.0,,440.0,,Education,University of Limerick,Materials and Architectural Technology with concur,475.0,
LM095,358.0,,367.0,,Education,University of Limerick,Materials and Engineering Technology with concurre,425.0,
LM096,382.0,,405.0,,Education,University of Limerick,Science with Teacher Ed (Physical Sciences with Ch,454.0,
LM099,419.0,,498.0,,Architecture and construction,University of Limerick,Architecture,520.0,
LM100,565.0,,589.0,,Health,University of Limerick,Physiotherapy,613.0,
LM102,495.0,,509.0,,Social and behavioural sciences,University of Limerick,Psychology,534.0,
LM103,313.0,,392.0,,Health,University of Limerick,Paramedic Studies (Full B/Provisional C1 Drivers L,429.0,
LM115,456.0,,454.0,,Physical sciences,University of Limerick,Chemical and Biochemical Engineering,476.0,
LM116,434.0,,476.0,,Engineering and engineering trades,University of Limerick,Engineering (Biomedical/Civil/Design and Manufactu,498.0,
LM118,401.0,,403.0,,Engineering and engineering trades,University of Limerick,Electronic and Computer Engineering,445.0,
LM121,352.0,,351.0,,Information and Communication Technologies (ICTs),University of Limerick,Computer Science (Computer Systems/Games Dev/Cyber,402.0,
LM123,412.0,,441.0,,Biological and related sciences,University of Limerick,Biological and Chemical Sc. (Biosci/Envir Sci/Ind,498.0,
LM124,427.0,,437.0,,Mathematics and statistics,University of Limerick,Mathematics (Math Science/Maths and Physics/Econom,455.0,
LM125,405.0,,404.0,,Physical sciences,University of Limerick,Physics (Applied Physics or Mathematics and Physic,489.0,
LM150,440.0,,475.0,,Health,University of Limerick,General Nursing,498.0,487.0
LM152,388.0,,419.0,,Health,University of Limerick,Mental Health Nursing,478.0,466.0
LM154,381.0,,420.0,,Health,University of Limerick,Intellectual Disability Nursing,462.0,443.0
LM156,429.0,,469.0,,Health,University of Limerick,Midwifery,521.0,508.0
MU001,290.0,,290.0,290.0,Interdisciplinary programmes and qualifications involving arts and humanities,"Pontifical University, St Patrick's College",Theology and Arts,294.0,294.0
MH001,496.0,,507.0,,Education,Maynooth University,Education - Primary Teaching (Froebel),564.0,
MH101,316.0,,318.0,,Humanities (except languages),Maynooth University,Arts,338.0,336.0
MH106,495.0,,521.0,,Social and behavioural sciences,Maynooth University,Psychology - 3 years,554.0,
MH107,326.0,,346.0,,Social and behavioural sciences,Maynooth University,Social Science,390.0,
MH109,317.0,,316.0,,Arts,Maynooth University,Media Studies,324.0,
MH201,350.0,,360.0,,"Interdisciplinary programmes and qualifications involving natural sciences, Mathematics and statistics",Maynooth University,Science,401.0,400.0
MH202,429.0,,455.0,,Biological and related sciences,Maynooth University,Biotechnology,490.0,489.0
MH204,420.0,,422.0,,Physical sciences,Maynooth University,Physics with Astrophysics,422.0,
MH206,498.0,,510.0,,Mathematics and statistics,Maynooth University,Theoretical Physics and Mathematics,521.0,
MH207,434.0,,445.0,,Information and Communication Technologies (ICTs),Maynooth University,Data Science,444.0,
MH208,451.0,,498.0,,Biological and related sciences,Maynooth University,Biological and Biomedical Sciences,543.0,
MH209,473.0,,498.0,,Social and behavioural sciences,Maynooth University,Psychology (through Science) - 4 years,529.0,
MH210,446.0,,487.0,,Physical sciences,Maynooth University,Pharmaceutical and Biomedical Chemistry,510.0,
MH212,444.0,,422.0,,"Interdisciplinary programmes and qualifications involving natural sciences, Mathematics and statistics",Maynooth University,Science|Maths and Computer Science|Mathematics (wi,452.0,443.0
MH304,371.0,,333.0,333.0,Engineering and engineering trades,Maynooth University,Engineering (Computer/Electronic/Communications),351.0,351.0
MH305,358.0,,357.0,,Engineering and engineering trades,Maynooth University,Product Design,326.0,
MH306,361.0,,361.0,,Engineering and engineering trades,Maynooth University,Robotics and Intelligent Devices,362.0,
MH401,352.0,,357.0,,Business and administration,Maynooth University,Finance (options),370.0,
MH402,476.0,,476.0,,Business and administration,Maynooth University,Quantitative Finance,476.0,
MH403,402.0,,422.0,,Business and administration,Maynooth University,Accounting and Finance,424.0,
MH404,400.0,,430.0,,Business and administration,Maynooth University,Business (options),441.0,
MH407,401.0,,420.0,,Business and administration,Maynooth University,Business and Accounting,423.0,
MH411,358.0,,371.0,,Business and administration,Maynooth University,Entrepreneurship,378.0,
MH501,451.0,,473.0,,Law,Maynooth University,LLB Law - four year Single Major Law programme,507.0,
MH502,410.0,,451.0,,Law,Maynooth University,Law (options),465.0,
MH601,342.0,,352.0,,Information and Communication Technologies (ICTs),Maynooth University,Computer Science through Arts (options),381.0,
MH602,357.0,,351.0,,Information and Communication Technologies (ICTs),Maynooth University,Computer Science through Science (options),400.0,
MH603,520.0,,532.0,,Information and Communication Technologies (ICTs),Maynooth University,Computational Thinking,520.0,
AS001,456.0,,510.0,,Education,St. Angela`s College,Education,,542.0
AS002,400.0,,441.0,434.0,Education,St. Angela`s College,Education,,464.0
AS003,421.0,,440.0,440.0,Education,St. Angela`s College,Education,,463.0
AS051,337.0,,328.0,317.0,Business and administration,St. Angela`s College,Nutrition,,378.0
AS054,387.0,,408.0,398.0,Biological and related sciences,St. Angela`s College,Home Economics,440.0,419.0
AS110,391.0,,419.0,,Health,St. Angela`s College,General Nursing,440.0,432.0
AS130,317.0,,336.0,328.0,Health,St. Angela`s College,Intellectual Disability Nursing,387.0,358.0
SG141,252.0,,261.0,,Business and administration,"Institute of Technology, Sligo",Business,262.0,
SG146,307.0,,309.0,,Business and administration,"Institute of Technology, Sligo",Accounting,304.0,
SG147,269.0,,307.0,,Personal services,"Institute of Technology, Sligo",Sport with Business,288.0,
SG148,246.0,,269.0,,Personal services,"Institute of Technology, Sligo",Tourism with Event Management,298.0,
SG241,279.0,,328.0,,Arts,"Institute of Technology, Sligo",Performing Arts,341.0,
SG242,278.0,,279.0,,Welfare,"Institute of Technology, Sligo",Early Childhood Care and Education,287.0,
SG243,297.0,,301.0,,Welfare,"Institute of Technology, Sligo",Social Care Practice,309.0,
SG244,355.0,,505.0,,Arts,"Institute of Technology, Sligo",Fine Art,501.0,
SG245,261.0,,282.0,,Arts,"Institute of Technology, Sligo",Creative Design,332.0,
SG246,295.0,,290.0,,Information and Communication Technologies (ICTs),"Institute of Technology, Sligo",Computing,316.0,
SG247,308.0,,309.0,,Social and behavioural sciences,"Institute of Technology, Sligo",English and Psychology,319.0,
SG248,282.0,,281.0,,Social and behavioural sciences,"Institute of Technology, Sligo",Sociology and Politics,298.0,
SG249,279.0,,297.0,,Languages,"Institute of Technology, Sligo",Writing and Literature,308.0,
SG252,300.0,,307.0,,Information and Communication Technologies (ICTs),"Institute of Technology, Sligo",Software Development,310.0,
SG253,273.0,,324.0,,Information and Communication Technologies (ICTs),"Institute of Technology, Sligo",Computing in Computer Networks and Cyber Security,336.0,
SG343,261.0,,311.0,,Architecture and construction,"Institute of Technology, Sligo",Quantity Surveying,300.0,
SG346,289.0,,291.0,,Architecture and construction,"Institute of Technology, Sligo",Construction Project Management and Applied Techno,313.0,
SG347,309.0,,360.0,,Architecture and construction,"Institute of Technology, Sligo",Architecture,403.0,
SG442,289.0,,290.0,,Hygiene and occupational health services,"Institute of Technology, Sligo",Occupational Safety and Health,307.0,
SG443,357.0,,356.0,,Health,"Institute of Technology, Sligo",Human Nutrition,376.0,
SG444,308.0,,338.0,,Biological and related sciences,"Institute of Technology, Sligo",Science Undenominated,358.0,
SG445,347.0,,311.0,,Physical sciences,"Institute of Technology, Sligo",Pharmaceutical Science with Drug Development,357.0,
SG447,316.0,,328.0,,Health,"Institute of Technology, Sligo",Health Science and Physical Activity,326.0,
SG448,306.0,,306.0,,Biological and related sciences,"Institute of Technology, Sligo",Forensic Investigation and Analysis,308.0,
SG449,329.0,,341.0,,Health,"Institute of Technology, Sligo",Medical Biotechnology,315.0,
TL801,281.0,,281.0,,Arts,"Institute of Technology, Tralee",Animation,,718.0
TL802,306.0,,325.0,,Arts,"Institute of Technology, Tralee",TV,8.0,322.0
TL810,309.0,,310.0,,Information and Communication Technologies (ICTs),"Institute of Technology, Tralee",Computing with Software Development,308.0,
TL811,310.0,,358.0,,Information and Communication Technologies (ICTs),"Institute of Technology, Tralee",Computing with Games Development,322.0,
TL815,308.0,,308.0,,Information and Communication Technologies (ICTs),"Institute of Technology, Tralee",Computing (Degree Award options),307.0,
TL823,291.0,,299.0,,Personal services,"Institute of Technology, Tralee",Event Management (3 year programme),293.0,
TL831,307.0,,306.0,,Business and administration,"Institute of Technology, Tralee",Business Studies (Major Specialism in: Acctng or M,306.0,
TL844,311.0,,300.0,,"Interdisciplinary programmes and qualifications involving agriculture, forestry and veterinary","Institute of Technology, Tralee",Agricultural Engineering,301.0,
TL845,300.0,,325.0,,Architecture and construction,"Institute of Technology, Tralee",Civil Engineering,361.0,
TL847,,,302.0,,Manufacturing and processing,"Institute of Technology, Tralee",Manufacturing Engineering,305.0,
TL848,331.0,,308.0,,"Interdisciplinary programmes and qualifications involving agriculture, forestry and veterinary","Institute of Technology, Tralee",Agricultural Science,307.0,
TL851,310.0,,309.0,,Environment,"Institute of Technology, Tralee",Wildlife Biology (Degree Award options),309.0,
TL855,342.0,,317.0,,Health,"Institute of Technology, Tralee",Pharmaceutical Science (Degree Award options),316.0,
TL858,326.0,,308.0,,Veterinary,"Institute of Technology, Tralee",Veterinary Bioscience,317.0,
TL871,303.0,,300.0,,Personal services,"Institute of Technology, Tralee",Health and Leisure (Degree Award options),303.0,
TL872,288.0,,309.0,,Personal services,"Institute of Technology, Tralee",Health and Leisure with Massage,314.0,
TL873,282.0,,289.0,,Personal services,"Institute of Technology, Tralee",Coaching and Sports Performance,308.0,
TL880,307.0,,307.0,,Welfare,"Institute of Technology, Tralee",Early Childhood Care and Education,309.0,
TL890,407.0,,440.0,414.0,Health,"Institute of Technology, Tralee",General Nursing and Mature Applicants,463.0,
TL891,367.0,,389.0,378.0,Health,"Institute of Technology, Tralee",Mental Health Nursing and Mature Applicants,440.0,419.0
WD001,279.0,,260.0,260.0,Information and Communication Technologies (ICTs),Waterford Institute of Technology,Applied Computing (options),270.0,261.0
WD002,302.0,,308.0,,Physical sciences,Waterford Institute of Technology,Science (options),279.0,
WD005,288.0,,280.0,,Health,Waterford Institute of Technology,Health Sciences (options),271.0,
WD006,282.0,,280.0,,Personal services,Waterford Institute of Technology,Exercise Sciences (options),270.0,
WD007,287.0,,288.0,288.0,Engineering and engineering trades,Waterford Institute of Technology,Engineering (options),270.0,270.0
WD025,269.0,,269.0,,Architecture and construction,Waterford Institute of Technology,Construction Management and Engineering,262.0,
WD027,290.0,,262.0,,Arts,Waterford Institute of Technology,Music,321.0,
WD048,278.0,,271.0,,Business and administration,Waterford Institute of Technology,Business (options),279.0,
WD084,307.0,,308.0,,Business and administration,Waterford Institute of Technology,Accounting,308.0,
WD091,210.0,,228.0,,Personal services,Waterford Institute of Technology,Hospitality Management,225.0,
WD116,413.0,,422.0,,Health,Waterford Institute of Technology,General Nursing,446.0,
WD117,361.0,,366.0,,Health,Waterford Institute of Technology,Psychiatric Nursing,415.0,
WD120,338.0,,377.0,,Health,Waterford Institute of Technology,Intellectual Disability Nursing,390.0,
WD134,289.0,,290.0,,Business and administration,Waterford Institute of Technology,International Business,267.0,
WD137,253.0,,271.0,,Arts,Waterford Institute of Technology,Design (Visual Communications),252.0,
WD140,290.0,,280.0,,Law,Waterford Institute of Technology,Laws,280.0,
WD144,283.0,,284.0,,Architecture and construction,Waterford Institute of Technology,Architecture,309.0,
WD147,298.0,,293.0,,Physical sciences,Waterford Institute of Technology,Pharmaceutical Science,288.0,
WD150,271.0,,270.0,,Law,Waterford Institute of Technology,Criminal Justice Studies,280.0,
WD152,253.0,,,,Arts,Waterford Institute of Technology,Visual Art,243.0,
WD161,262.0,,255.0,,Information and Communication Technologies (ICTs),Waterford Institute of Technology,Computer Forensics and Security,270.0,
WD162,260.0,,216.0,,Architecture and construction,Waterford Institute of Technology,Quantity Surveying,226.0,
WD163,390.0,,434.0,,Social and behavioural sciences,Waterford Institute of Technology,Psychology,456.0,
WD186,276.0,,270.0,,Personal services,Waterford Institute of Technology,Sports Coaching and Performance,261.0,
WD187,271.0,,272.0,,Welfare,Waterford Institute of Technology,Social Science,276.0,
WD191,378.0,,377.0,,Agriculture,Waterford Institute of Technology,Agricultural Science,377.0,
WD192,279.0,,270.0,,Welfare,Waterford Institute of Technology,Social Care Practice,271.0,
WD193,290.0,,271.0,,Business and administration,Waterford Institute of Technology,Marketing and Digital Media,279.0,
WD194,235.0,,217.0,,Personal services,Waterford Institute of Technology,Culinary Arts,237.0,
WD195,266.0,,279.0,,Architecture and construction,Waterford Institute of Technology,Architectural and Building Information Modelling T,279.0,
WD200,221.0,,,,Arts,Waterford Institute of Technology,Arts (options),201.0,201.0
WD210,271.0,,279.0,,Information and Communication Technologies (ICTs),Waterford Institute of Technology,Software Systems Development,260.0,
WD211,275.0,,271.0,,Information and Communication Technologies (ICTs),Waterford Institute of Technology,Creative Computing,270.0,
WD212,274.0,,270.0,,Personal services,Waterford Institute of Technology,Recreation and Sport Management,262.0,
WD230,273.0,,253.0,,Engineering and engineering trades,Waterford Institute of Technology,Mechanical and Manufacturing Engineering,230.0,230.0
