Course_Code,Course Name_x,R1_Points19,R2_Points19,Course Name_y,R1_Points20,R2_Points20,Course Category,Course_Name,R1_Points21,R2_Points21
AL801,Software Design with Virtual Reality and Gaming,304.0,,Software Design with Virtual Reality and Gaming,303.0,,Information and Communication Technologies (ICTs),Software Design for Virtual Reality and Gaming,300.0,
AL802,Software Design with Cloud Computing,301.0,,Software Design with Artificial Intelligence for Cloud Computing,332.0,,Information and Communication Technologies (ICTs),Software Design in Artificial Intelligence for Clo,313.0,
AL803,Software Design with Mobile Apps and Connected Devices,309.0,,Software Design with Mobile Apps and Connected Devices,337.0,,Information and Communication Technologies (ICTs),Software Design for Mobile Apps and Connected Devi,350.0,
AL805,Network Management and Cloud Infrastructure,329.0,,Computer Engineering with Network Infrastructure,333.0,,Information and Communication Technologies (ICTs),Computer Engineering for Network Infrastructure,321.0,
AL810,Quantity Surveying,307.0,,Quantity Surveying,319.0,,Architecture and construction,Quantity Surveying,328.0,
AL820,Mechanical and Polymer Engineering,300.0,,Mechanical and Polymer Engineering,308.0,,Manufacturing and processing,Mechanical and Polymer Engineering,327.0,
AL830,General Nursing,410.0,,General Nursing,442.0,,Health,General Nursing,451.0,444.0
AL832,Psychiatric Nursing,387.0,,Psychiatric Nursing,387.0,384.0,Health,Mental Health Nursing,440.0,431.0
AL836,Nutrition and Health Science,352.0,,Nutrition and Health Science,334.0,,Health,Nutrition and Health Science,346.0,
AL837,Sports Science with Exercise Physiology,351.0,,Sports Science with Exercise Physiology,351.0,,Personal services,Sports Science with Exercise Physiology,357.0,
AL838,Biotechnology,302.0,,Biotechnology,307.0,,Biological and related sciences,Biotechnology,324.0,
AL839,Microbiology,322.0,,Microbiology,325.0,,Biological and related sciences,Microbiology,325.0,
AL840,Pharmaceutical Sciences,328.0,,Pharmaceutical Sciences,347.0,,Physical sciences,Pharmaceutical Sciences,346.0,
AL841,Athletic and Rehabilitation Therapy,423.0,,Athletic and Rehabilitation Therapy,430.0,,Health,Athletic and Rehabilitation Therapy,477.0,476.0
AL842,Bioveterinary Science,310.0,,Bioveterinary Science,313.0,,Biological and related sciences,Bioveterinary Science,338.0,
AL843,Physical Activity and Health Science,310.0,,Physical Activity and Health Science,306.0,,Health,Physical Activity and Health Science,306.0,
AL850,Business,307.0,,Business,309.0,,Business and administration,Business,309.0,
AL851,Business and Law,301.0,,Business and Law,295.0,,Law,Business and Law,302.0,
AL852,Accounting (with optional placement),290.0,,Accounting,309.0,,Business and administration,Accounting,336.0,
AL855,Hospitality Management (with International placement),312.0,,Hospitality Management (with international placement),308.0,,Personal services,Hospitality Management (with international placeme,309.0,
AL857,Digital Marketing,300.0,,Digital Marketing,304.0,,Business and administration,Digital Marketing,304.0,
AL860,Social Care Practice,309.0,,Social Care Practice,300.0,,Welfare,Social Care Practice,301.0,
AL861,Animation and Illustration (portfolio),615.0,,Animation and Illustration (portfolio),578.0,,Arts,Animation and Illustration (portfolio),575.0,
AL863,Graphic and Digital Design (portfolio),703.0,,Graphic and Digital Design (portfolio),781.0,,Arts,Graphic and Digital Design (portfolio),747.0,
AL864,Early Years Care and Education,307.0,,Early Years Care and Education,307.0,,Welfare,Early Years Care and Education,306.0,
AL870,Applied Psychology,409.0,,Applied Psychology,418.0,,Social and behavioural sciences,Applied Psychology,484.0,467.0
CW018,"Business (options, Wexford)",327.0,,Business (options),298.0,248.0,Business and administration,Business (options),307.0,
CW028,Early Childhood Education and Care (Wexford),252.0,,Early Childhood Education and Care,252.0,,Welfare,Early Childhood Education and Care,260.0,
CW038,"Art (portfolio, Wexford)",700.0,,Art (portfolio),700.0,,Arts,Art (portfolio),700.0,
CW058,Tourism and Event Management (Wexford),252.0,,Tourism and Event Management,298.0,,Personal services,Tourism and Event Management,292.0,
CW068,Applied Social Studies - Professional Social Care (Wexford),251.0,,Applied Social Studies in Professional Social Care,245.0,,Welfare,Applied Social Studies in Professional Social Care,250.0,
CW078,Sustainable Farm Management and Agribusiness (Wexford),266.0,,Sustainable Farm Management and Agribusiness,269.0,,Agriculture,Sustainable Farm Management and Agribusiness,270.0,
CW088,Visual Communications and Design (Wexford),309.0,,Visual Communications and Design,274.0,,Arts,Visual Communications and Design,270.0,
CW108,Science (options),261.0,,Science (options),261.0,,Biological and related sciences,Science (options),266.0,
CW128,Brewing and Distilling,271.0,,Brewing and Distilling,263.0,,Biological and related sciences,Brewing and Distilling,307.0,
CW188,Sport Rehabilitation and Athletic Therapy,454.0,,Sport Rehabilitation and Athletic Therapy,451.0,448.0,Health,Sport Rehabilitation and Athletic Therapy,451.0,
CW208,Computer Games Development,281.0,,Computer Games Development,279.0,,Information and Communication Technologies (ICTs),Computer Games Development,272.0,
CW238,Software Development,300.0,,Software Development,297.0,,Information and Communication Technologies (ICTs),Software Development,295.0,
CW248,Information Technology Management,307.0,,Information Technology Management,285.0,,Information and Communication Technologies (ICTs),Information Technology Management,293.0,
CW268,Computing in Interactive Digital Art and Design,274.0,,Computing in Interactive Digital Art and Design,287.0,,Information and Communication Technologies (ICTs),Computing in Interactive Digital Art and Design,291.0,
CW438,Construction (options),271.0,,Construction (options),272.0,,Architecture and construction,Construction (options),260.0,251.0
CW468,Architectural Technology,252.0,,Architectural Technology,262.0,,Architecture and construction,Architectural Technology,291.0,283.0
CW478,Civil Engineering,348.0,,Civil Engineering,433.0,,Architecture and construction,Civil Engineering,465.0,
CW548,Mechanical Engineering,310.0,,Mechanical Engineering,321.0,,Engineering and engineering trades,Mechanical Engineering,330.0,328.0
CW558,Electronic Systems,279.0,,Electronic Systems,280.0,,Engineering and engineering trades,Electronic Systems,280.0,
CW568,Aerospace Engineering,366.0,,Aerospace Engineering,380.0,,Engineering and engineering trades,Aerospace Engineering,371.0,359.0
CW578,TV and Media Production,327.0,,TV and Media Production,325.0,,Arts,TV and Media Production,318.0,
CW708,Law - LLB,298.0,,Law - LLB,302.0,,Law,Law - LLB,292.0,
CW728,Product Design Innovation,286.0,,Product Design Innovation,252.0,,Arts,Product Design Innovation,246.0,
CW748,Early Childhood Education and Care,265.0,,Early Childhood Education and Care,270.0,,Welfare,Early Childhood Education and Care,290.0,
CW758,Applied Social Studies - Professional Social Care,290.0,,Professional Social Care Practice,336.0,,Welfare,Professional Social Care Practice,360.0,358.0
CW808,Media and Public Relations,248.0,,Media and Public Relations,251.0,,Business and administration,Media and Public Relations,247.0,
CW848,Digital Marketing with Analytics,279.0,,Digital Marketing with Analytics,254.0,,Information and Communication Technologies (ICTs),Digital Marketing with Analytics,269.0,
CW858,"Sports Management and Coaching (options, portfolio)",700.0,,"Sports Management and Coaching (options, portfolio)",700.0,,Personal services,Sports Management and Coaching (options,,700.0
CW908,Business (options),260.0,,Business (options),280.0,,Business and administration,Business (options),272.0,
CW938,Business with Law,270.0,,Business with Law,283.0,,Business and administration,Business with Law,270.0,
CW948,Accounting,301.0,,Accounting,300.0,,Business and administration,Accounting,319.0,
PC405,"Social, Political and Community Studies",251.0,,"Social, Political and Community Studies",253.0,216.0,Social and behavioural sciences,Social,,263.0
PC410,Arts and Humanities (fulfils Teaching Council requirements),203.0,,Arts and Humanities (fulfils Teaching Council requirements),252.0,209.0,Humanities (except languages),Arts and Humanities (fulfils Teaching Council requ,262.0,230.0
PC411,English and History (fulfils Teaching Council requirements),168.0,,English and History (fulfils Teaching Council requirements),255.0,209.0,Humanities (except languages),English and History (fulfils Teaching Council requ,243.0,224.0
CR105,Chemical and Biopharmaceutical Engineering,432.0,,Chemical and Biopharmaceutical Engineering,443.0,,Engineering and engineering trades,Chemical and Biopharmaceutical Engineering,443.0,
CR106,Software Development,351.0,,Software Development,411.0,,Information and Communication Technologies (ICTs),Software Development,431.0,
CR108,Mechanical Engineering,425.0,,Mechanical Engineering,434.0,,Engineering and engineering trades,Mechanical Engineering,434.0,
CR109,Structural Engineering,341.0,,Structural Engineering,394.0,,Architecture and construction,Structural Engineering,396.0,
CR110,Automotive Business Management and Technology,318.0,,Automotive Business Management and Technology,311.0,,Transport services,Automotive Business Management and Technology,336.0,
CR112,Creative Digital Media,335.0,,Creative Digital Media,361.0,,Arts,Creative Digital Media at CIT Crawford College of,390.0,
CR116,Computer Systems,318.0,,Computer Systems,332.0,,Information and Communication Technologies (ICTs),Computer Systems,365.0,
CR121,Music at CIT Cork School of Music,633.0,,Music at CIT Cork School of Music,868.0,,Arts,Music at CIT Cork School of Music,904.0,904.0
CR125,Popular Music: Electric Bass Guitar at CIT Cork School of Music,972.0,,Popular Music: Electric Bass Guitar at CIT Cork School of Music,1088.0,,Arts,Popular Music at CIT Cork School of Music,1028.0,
CR130,Musical Theatre,500.0,,Musical Theatre at CIT Cork School of Music,548.0,518.0,Arts,Musical Theatre at CIT Cork School of Music,525.0,
CR150,Business Information Systems,326.0,,Business Information Systems,335.0,,Business and administration,Business Information Systems,350.0,
CR210,"Contemporary Applied Art (Ceramics, Glass, Textiles) at CIT Crawford",979.0,,"Contemporary Applied Art (Ceramics, Glass, Textiles) at CIT Crawford",,,Arts,Contemporary Applied Art (Ceramics,,
CR220,Fine Art at CIT Crawford College of Art and Design,620.0,,Fine Art at CIT Crawford College of Art and Design,,,Arts,Fine Art at CIT Crawford College of Art and Design,400.0,
CR225,Photography with New Media,920.0,,Photography with New Media,,,Arts,Photography with New Media at CIT Crawford College,435.0,
CR305,Physical Sciences (Common Entry),279.0,,Physical Sciences (Common Entry),282.0,,Physical sciences,Physical Sciences (Common Entry),260.0,
CR310,IT Management,282.0,,IT Management,297.0,,Information and Communication Technologies (ICTs),IT Management,347.0,
CR320,Biomedical Science (Offered jointly by CIT and UCC),546.0,,Biomedical Science - Offered jointly by CIT and UCC,565.0,,Biological and related sciences,Biomedical Science - Offered jointly by CIT and UC,590.0,
CR325,Pharmaceutical Biotechnology,388.0,,Pharmaceutical Biotechnology,398.0,,Biological and related sciences,Pharmaceutical Biotechnology,466.0,
CR333,Nutrition and Health Science,360.0,,Nutrition and Health Science,402.0,,Health,Nutrition and Health Science,425.0,
CR335,Biological Sciences (Common Entry),381.0,,Biological Sciences (Common Entry),420.0,,Biological and related sciences,Biological Sciences (Common Entry),473.0,
CR340,Analytical Chemistry with Quality Assurance,288.0,,Analytical Chemistry with Quality Assurance,251.0,,Physical sciences,Analytical Chemistry with Quality Assurance,327.0,
CR360,Instrument Engineering,291.0,,Instrument Engineering,261.0,,Physical sciences,Instrument Engineering,301.0,
CR365,Environmental Science and Sustainable Technology,334.0,,Environmental Science and Sustainable Technology,253.0,,Environment,Environmental Science and Sustainable Technology,262.0,
CR370,Agri-Biosciences,408.0,,Agri-Biosciences,397.0,,"Interdisciplinary programmes and qualifications involving agriculture, forestry and veterinary",Agri-Biosciences,368.0,
CR400,Accounting,316.0,,Accounting,316.0,,Business and administration,Accounting,315.0,
CR420,Marketing,288.0,,Marketing,285.0,,Business and administration,Marketing,290.0,
CR425,International Business with Language,300.0,,International Business with Language,298.0,,Business and administration,International Business with Language,279.0,
CR510,Sustainable Energy Engineering,319.0,,Sustainable Energy Engineering,320.0,,Environment,Sustainable Energy Engineering,320.0,
CR520,Biomedical Engineering,434.0,,Biomedical Engineering,444.0,,Health,Biomedical Engineering,444.0,
CR560,Architectural Technology,288.0,,Architectural Technology,308.0,,Architecture and construction,Architectural Technology,375.0,
CR565,Interior Architecture,336.0,,Interior Architecture,359.0,,Architecture and construction,Interior Architecture,431.0,
CR570,Quantity Surveying,279.0,,Quantity Surveying,336.0,,Architecture and construction,Quantity Surveying,375.0,
CR572,Construction Management,253.0,,Construction Management,269.0,,Architecture and construction,Construction Management,300.0,
CR580,Electrical Engineering,344.0,,Electrical Engineering,318.0,,Engineering and engineering trades,Electrical Engineering,342.0,
CR590,Electronic Engineering,342.0,,Electronic Engineering,303.0,,Engineering and engineering trades,Electronic Engineering,329.0,
CR600,Visual Communications,587.0,,Visual Communications,,,Arts,Visual Communications at CIT Crawford College of A,280.0,
CR660,Tourism Management,249.0,,Tourism Management,252.0,,Personal services,Tourism Management,246.0,
CR700,Theatre and Drama Studies at CIT Cork School of Music,768.0,,Theatre and Drama Studies at CIT Cork School of Music,740.0,645.0,Arts,Theatre and Drama Studies at CIT Cork School of Mu,609.0,609.0
CK101,Arts - 3 years,300.0,,Arts - 3 years,300.0,,Arts,Arts - 3 years,300.0,
CK102,Social Science,391.0,,Social Science,412.0,,Social and behavioural sciences,Social Science,434.0,431.0
CK104,Arts with Music - 3 or 4 years (BMus or Chinese/European/Int`l Pathway),340.0,,Arts with Music - 3 or 4 years (BMus or Chinese/European/Int`l Pathway),302.0,,Arts,Arts with Music - 3 or 4 years (BMus or Chinese/Eu,339.0,
CK105,Film and Screen Media - 3 years or 4 years (International Pathway),397.0,,Film and Screen Media - 3 years or 4 years (International Pathway),368.0,337.0,Arts,Film and Screen Media - 3 years or 4 years (Intern,421.0,420.0
CK107,Geographical and Archaeological Sciences - 3 or 4 years (Int`l Pathway),326.0,,Geographical and Archaeological Sciences - 3 or 4 years (Int`l Pathway),328.0,,Humanities (except languages),Geographical and Archaeological Sciences - 3 or 4,312.0,
CK108,Arts International - 4 years,429.0,,Arts International - 4 years,401.0,,Languages,Arts International - 4 years,440.0,440.0
CK109,English - 3 years or 4 years (International Pathway),347.0,,English - 3 years or 4 years (International Pathway),318.0,,Languages,English - 3 years or 4 years (International Pathwa,367.0,357.0
CK110,World Languages,456.0,,World Languages,452.0,433.0,Languages,World Languages,488.0,
CK111,Early Years and Childhood Studies,398.0,,Early Years and Childhood Studies,419.0,,Welfare,Early Years and Childhood Studies,409.0,403.0
CK112,Theatre and Performative Practices - 3 or 4 years (Int`l Pathway),324.0,,Theatre and Performative Practices - 3 or 4 years (Int`l Pathway),330.0,,Arts,Theatre and Performative Practices - 3 or 4 years,371.0,
CK113,Criminology - 3 years or 4 years (International Pathway),408.0,,Criminology - 3 years or 4 years (International Pathway),423.0,,Social and behavioural sciences,Criminology - 3 years or 4 years (International Pa,464.0,463.0
CK118,Digital Humanities and IT - 3 or 4 years (Work Exper. or Int`l Pathway),307.0,,Digital Humanities and IT - 3 or 4 years (Work Exper. or Int`l Pathway),336.0,,Arts,Digital Humanities and IT - 3 or 4 years (Work Exp,347.0,339.0
CK120,Applied Psychology,506.0,,Applied Psychology,533.0,532.0,Social and behavioural sciences,Applied Psychology,544.0,543.0
CK121,Psychology and Computing - 3 or 4 years (Work Experience Pathway),393.0,,Psychology and Computing - 3 or 4 years (Work Experience Pathway),466.0,,Social and behavioural sciences,Psychology and Computing - 3 or 4 years (Work Expe,499.0,488.0
CK122,Government and Political Science,355.0,,Government and Political Science,337.0,328.0,Social and behavioural sciences,Government and Political Science,399.0,
CK201,Commerce,465.0,,Commerce,477.0,,Business and administration,Commerce,500.0,499.0
CK202,Accounting,467.0,,Accounting,509.0,,Business and administration,Accounting,553.0,543.0
CK203,Business Information Systems,409.0,,Business Information Systems,430.0,,Information and Communication Technologies (ICTs),Business Information Systems,455.0,452.0
CK204,Finance,531.0,,Finance,556.0,,Business and administration,Finance,566.0,566.0
CK205,Commerce (International) with French,409.0,,Commerce (International) with French,445.0,,Business and administration,Commerce (International) with French,465.0,
CK206,Commerce (International) with German,408.0,,Commerce (International) with German,420.0,418.0,Business and administration,Commerce (International) with German,466.0,455.0
CK207,Commerce (International) with Italian,408.0,,Commerce (International) with Italian,388.0,,Business and administration,Commerce (International) with Italian,423.0,418.0
CK208,Commerce (International) with Hispanic Studies,431.0,,Commerce (International) with Hispanic Studies,402.0,,Business and administration,Commerce (International) with Hispanic Studies,488.0,486.0
CK209,Commerce (International) with Irish,509.0,,Commerce (International) with Irish,484.0,,Business and administration,Commerce (International) with Irish,507.0,
CK211,Commerce (International) with Chinese Studies,398.0,,Commerce (International) with Chinese Studies,397.0,,Business and administration,Commerce (International) with Chinese Studies,385.0,
CK212,Economics (Transformational Learning) - 3 or 4 years (Int`l Pathway),400.0,,Economics (through Transformational Learning) 3 or 4 years Int`l Pathway,444.0,,Social and behavioural sciences,Economics (through Transformational Learning) 3 or,445.0,444.0
CK301,Law (Pathways) -  3 or 4 years,476.0,,Law (Pathways) -  3 or 4 years,507.0,499.0,Law,Law (Pathways) -,34.0,533.0
CK302,Law and French,453.0,,Law and French,542.0,,Law,Law and French,545.0,
CK304,Law and Irish,462.0,,Law and Irish,540.0,,Law,Law and Irish,588.0,
CK307,Law and Business,522.0,,Law and Business,556.0,,Law,Law and Business,589.0,589.0
CK401,Computer Science,402.0,,Computer Science,468.0,,Information and Communication Technologies (ICTs),Computer Science,503.0,495.0
CK402,Biological and Chemical Sciences,498.0,,Biological and Chemical Sciences,510.0,509.0,Biological and related sciences,Biological and Chemical Sciences,555.0,555.0
CK404,"Biological, Earth and Environmental Sciences",412.0,,"Biological, Earth and Environmental Sciences",467.0,,Biological and related sciences,Biological,,500.0
CK405,Genetics,476.0,,Genetics,487.0,,Biological and related sciences,Genetics,543.0,
CK406,Chemical Sciences,457.0,,Chemical Sciences,485.0,472.0,Physical sciences,Chemical Sciences,532.0,
CK407,Mathematical Sciences,531.0,,Mathematical Sciences,566.0,565.0,Mathematics and statistics,Mathematical Sciences,566.0,
CK408,Physics and Astrophysics,511.0,,Physics and Astrophysics,554.0,542.0,Physical sciences,Physics and Astrophysics,566.0,
CK409,Industrial Physics (offered jointly by UCC and CIT),413.0,,Industrial Physics - Offered jointly by UCC and CIT,432.0,,Physical sciences,Industrial Physics - Offered jointly by UCC and CI,465.0,
CK411,Data Science and Analytics,509.0,,Data Science and Analytics,510.0,,Information and Communication Technologies (ICTs),Data Science and Analytics,531.0,
CK504,Nutritional Sciences,492.0,,Nutritional Sciences,518.0,,Biological and related sciences,Nutritional Sciences,555.0,554.0
CK505,Food Science,444.0,,Food Science,441.0,440.0,Manufacturing and processing,Food Science,463.0,
CK600,Engineering,465.0,,Engineering,487.0,,Engineering and engineering trades,Engineering,510.0,509.0
CK606,Architecture (offered jointly by UCC and CIT),465.0,,Architecture - Offered jointly by UCC and CIT,484.0,476.0,Architecture and construction,Architecture - Offered jointly by UCC and CIT,543.0,
CK701,Medicine (Undergraduate Entry - HPAT required),729.0,,Medicine (Undergraduate Entry - HPAT required),731.0,,Health,Medicine (Undergraduate Entry - HPAT required),738.0,737.0
CK702,Dentistry,590.0,,Dentistry,613.0,613.0,Health,Dentistry,625.0,625.0
CK703,Pharmacy,577.0,,Pharmacy,590.0,589.0,Health,Pharmacy,613.0,613.0
CK704,Occupational Therapy,532.0,,Occupational Therapy,566.0,555.0,Health,Occupational Therapy,601.0,
CK705,Speech and Language Therapy,509.0,,Speech and Language Therapy,520.0,,Health,Speech and Language Therapy,568.0,566.0
CK706,Public Health Sciences,419.0,,Public Health Sciences,454.0,,Health,Public Health Sciences,500.0,
CK707,Medical and Health Sciences,510.0,,Medical and Health Sciences,542.0,541.0,Health,Medical and Health Sciences,578.0,
CK710,General Nursing,440.0,,General Nursing,454.0,,Health,General Nursing,498.0,497.0
CK712,Children`s and General Nursing (Integrated),499.0,,Children`s and General Nursing (Integrated),533.0,,Health,Children`s and General Nursing (Integrated),565.0,
CK720,Mental Health Nursing,398.0,,Mental Health Nursing,423.0,,Health,Mental Health Nursing,455.0,452.0
CK730,Intellectual Disability Nursing,359.0,,Intellectual Disability Nursing,419.0,411.0,Health,Intellectual Disability Nursing,431.0,
CK740,Midwifery,444.0,,Midwifery,484.0,,Health,Midwifery,509.0,
AC120,International Business,234.0,,International Business,209.0,,Business and administration,International Business,294.0,294.0
AC137,Liberal Arts,252.0,,Liberal Arts,252.0,,Humanities (except languages),Liberal Arts,271.0,270.0
CT125,Information Technology,235.0,,Information Technology,220.0,,Information and Communication Technologies (ICTs),Computing and IT,242.0,242.0
CM001,Education - Primary Teaching,452.0,,Education - Primary Teaching,484.0,,Education,Education - Primary Teaching,508.0,
CM002,Education - Primary Teaching - Gaeltacht Applicants,421.0,,Education - Primary Teaching - Gaeltacht Applicants,,,Education,Education - Primary Teaching - Gaeltacht Applicant,462.0,
CM003,Oideachas - Bunmhúinteoireacht Trí Mheán na Gaeilge,491.0,,Oideachas - Bunmhúinteoireacht Trí Mheán na Gaeilge – Gaeltacht,528.0,,Education,Oideachas – Bunmhúinteoireacht Trí Mheán na Gaeilg,513.0,
CM004,Oideachas - Bunmhúinteoireacht Trí Mheán na Gaeilge (daltaí Gaeltachta),492.0,,Oideachas - Bunmhúinteoireacht Trí Mheán na Gaeilge – Gaeltacht,494.0,,Education,Oideachas - Bunmhúinteoireacht Trí Mheán na Gaeilg,480.0,
CM010,Education Studies,317.0,,Education Studies,319.0,,Education,Education Studies,382.0,327.0
CM020,Early Childhood Education,336.0,,Early Childhood Education,327.0,,Education,Early Childhood Education,317.0,
DB500,Computing,242.0,,Computing,218.0,218.0,Information and Communication Technologies (ICTs),Computing,234.0,234.0
DB501,Computing (Cloud Computing),326.0,,Computing (Cloud Computing),227.0,227.0,Information and Communication Technologies (ICTs),Computing (Cloud Computing),178.0,
DB502,Computing (Data Analytics and Big Data),269.0,,Computing (Data Analytics and Big Data),341.0,341.0,Information and Communication Technologies (ICTs),Computing (Data Analytics and Big Data),267.0,233.0
DB510,Audio Production and Music Project Management,233.0,,Audio Production and Music Project Management,234.0,223.0,Arts,Audio Production and Music Project Management,217.0,217.0
DB512,Business Studies,229.0,,Business Studies,218.0,203.0,Business and administration,Business Studies,243.0,210.0
DB514,Business Studies (Law),269.0,,Business Studies (Law),252.0,,Business and administration,Business Studies (Law),239.0,225.0
DB515,Business Studies (Human Resource Management),225.0,,Business Studies (Human Resource Management),244.0,244.0,Business and administration,Business Studies (Human Resource Management),242.0,217.0
DB517,Event Management,226.0,,Marketing (Event Management),238.0,,Business and administration,Marketing (Event Management),233.0,225.0
DB521,Accounting and Finance,225.0,,Accounting and Finance,225.0,195.0,Business and administration,Accounting and Finance,243.0,228.0
DB524,Business Information Systems,402.0,,Business (Information Systems),342.0,309.0,Information and Communication Technologies (ICTs),Business (Information Systems),247.0,239.0
DB526,Business Information Systems (Cloud Computing),253.0,,Business (Cloud Computing),347.0,,Information and Communication Technologies (ICTs),Business (Cloud Computing),244.0,244.0
DB527,Applied Social Care,235.0,,Applied Social Care,234.0,260.0,Social and behavioural sciences,Applied Social Care,254.0,219.0
DB531,Marketing,220.0,,Marketing,293.0,,Business and administration,Marketing,288.0,176.0
DB562,Psychology,208.0,,Psychology,243.0,229.0,Social and behavioural sciences,Psychology,244.0,233.0
DB566,Social Science,216.0,,Social Science,220.0,227.0,Social and behavioural sciences,Social Science,262.0,228.0
DB567,Film,192.0,,Film and Creative Media,218.0,202.0,Arts,Film and Creative Media,245.0,213.0
DB568,Law,245.0,,Law,219.0,252.0,Law,Law,254.0,228.0
DC001,Education - Early Childhood Education,398.0,,Education - Early Childhood Education,440.0,,Education,Education - Early Childhood Education,445.0,
DC002,Education - Primary Teaching,462.0,,Education - Primary Teaching,488.0,,Education,Education - Primary Teaching,518.0,
DC003,Education - Primary Teaching - Gaeltacht Applicants,433.0,,Education - Primary Teaching - Gaeltacht Applicants,445.0,,Education,Education - Primary Teaching - Gaeltacht Applicant,489.0,
DC004,Education - Primary Teaching (Church of Ireland Centre formerly CICE),357.0,,Education - Primary Teaching (Church of Ireland Centre formerly CICE),411.0,409.0,Education,Education - Primary Teaching (Church of Ireland Ce,451.0,
DC009,Arts (Joint Honours) - Humanities,347.0,,Arts (Joint Honours) - Humanities,376.0,,Arts,Arts (Joint Honours) - Humanities,356.0,
DC010,Post Primary Teacher Education - Religious Education and English,386.0,,Post Primary Teacher Education - Religious Education and English,441.0,429.0,Education,Post Primary Teacher Education - Religious Educati,384.0,
DC011,Post Primary Teacher Education - Religious Education and History,352.0,,Post Primary Teacher Education - Religious Education and History,412.0,391.0,Education,Post Primary Teacher Education - Religious Educati,409.0,
DC012,Post Primary Teacher Education - Religious Education and Music,367.0,,Post Primary Teacher Education - Religious Education and Music,378.0,,Education,Post Primary Teacher Education - Religious Educati,409.0,
DC013,Post Primary Teacher Ed - Gaeilge with French/German/Spanish,410.0,,Post Primary Teacher Ed - Gaeilge with French/German/Spanish,419.0,,Education,Post Primary Teacher Ed - Gaeilge with French/Germ,413.0,
DC014,BA in Jazz and Contemporary Music Performance,428.0,,BA in Jazz and Contemporary Music Performance (audition),419.0,,Arts,BA in Jazz and Contemporary Music Performance (aud,311.0,
DC110,Business Studies International,440.0,,Business Studies International,465.0,,Languages,Business Studies International,498.0,
DC111,Business Studies,463.0,,Business Studies,488.0,,Business and administration,Business Studies,511.0,
DC112,Global Business (France),495.0,,Global Business (France),517.0,510.0,Business and administration,Global Business (France),542.0,
DC113,Global Business (Germany),440.0,,Global Business (Germany),462.0,,Business and administration,Global Business (Germany),484.0,
DC114,Global Business (Spain),501.0,,Global Business (Spain),522.0,,Business and administration,Global Business (Spain),544.0,
DC115,Accounting and Finance,487.0,,Accounting and Finance,510.0,,Business and administration,Accounting and Finance,544.0,
DC116,Global Business (USA),578.0,,Global Business (USA),579.0,,Business and administration,Global Business (USA),613.0,
DC117,Aviation Management / Aviation Management with Pilot Studies,463.0,,Aviation Management / Aviation Management with Pilot Studies,476.0,475.0,Engineering and engineering trades,Aviation Management / Aviation Management with Pil,484.0,
DC118,Gnó agus Gaeilge / Business and Irish,357.0,,Gnó agus Gaeilge / Business and Irish,359.0,,Business and administration,Gná agus Gaeilge / Business and Irish,368.0,
DC119,Global Business (Canada),566.0,,Global Business (Canada),564.0,,Business and administration,Global Business (Canada),601.0,
DC120,Enterprise Computing,350.0,,Enterprise Computing,357.0,,Information and Communication Technologies (ICTs),Computing for Business,403.0,402.0
DC121,Computer Applications,370.0,,Computer Applications,400.0,,Information and Communication Technologies (ICTs),Computer Science,475.0,
DC123,Data Science,467.0,,Data Science,465.0,,Information and Communication Technologies (ICTs),Data Science,501.0,
DC126,Actuarial Mathematics,520.0,,Actuarial Mathematics,560.0,,Mathematics and statistics,Actuarial Mathematics,577.0,
DC127,Common Entry into Actuarial and Financial Mathematics,509.0,,Common Entry into Actuarial and Financial Mathematics,532.0,520.0,Mathematics and statistics,Common Entry into Actuarial and Financial Mathemat,541.0,
DC131,Communication Studies,400.0,,Communication Studies,407.0,402.0,Humanities (except languages),Communication Studies,421.0,
DC132,Journalism,401.0,,Journalism,429.0,422.0,Journalism and information,Journalism,452.0,
DC133,Multimedia,403.0,,Multimedia,411.0,410.0,Arts,Multimedia,435.0,
DC155,Applied Language and Translation Studies,371.0,,Applied Language and Translation Studies,387.0,,Languages,Applied Language and Translation Studies,427.0,
DC161,Analytical Science,446.0,,Analytical Science,498.0,489.0,Physical sciences,Analytical Science,498.0,
DC162,Chemical and Pharmaceutical Sciences,488.0,,Chemical and Pharmaceutical Sciences,521.0,,Physical sciences,Chemical and Pharmaceutical Sciences,531.0,
DC166,Environmental Science and Technology,412.0,,Environmental Science and Technology,433.0,399.0,Environment,Environmental Science and Technology,423.0,
DC168,Genetics and Cell Biology,489.0,,Genetics and Cell Biology,512.0,510.0,Biological and related sciences,Genetics and Cell Biology,543.0,
DC181,Biotechnology,476.0,,Biotechnology,499.0,495.0,Biological and related sciences,Biotechnology,530.0,
DC190,Electronic and Computer Engineering (with choice of four majors),391.0,,Electronic and Computer Engineering (with choice of four majors),413.0,,Engineering and engineering trades,Electronic and Computer Engineering (with choice o,488.0,
DC193,Mechatronic Engineering,404.0,,Mechatronic Engineering,411.0,,Engineering and engineering trades,Mechatronic Engineering,490.0,
DC195,Mechanical and Manufacturing Engineering,401.0,,Mechanical and Manufacturing Engineering,425.0,,Engineering and engineering trades,Mechanical and Manufacturing Engineering,500.0,
DC197,Biomedical Engineering,402.0,,Biomedical Engineering,423.0,,Health,Biomedical Engineering,510.0,
DC200,Common Entry into Engineering (Undenominated Entry),381.0,,Common Entry into Engineering (Undenominated Entry),422.0,,Engineering and engineering trades,Common Entry into Engineering (Undenominated Entry,511.0,510.0
DC202,Sport Science and Health,467.0,,Sport Science and Health,500.0,498.0,Health,Sport Science and Health,511.0,
DC203,Science Education,424.0,,Science Education,435.0,,Education,Science Education,462.0,
DC204,Athletic Therapy and Training,484.0,,Athletic Therapy and Training,522.0,519.0,Health,Athletic Therapy and Training,558.0,
DC205,Physical Education with Biology,490.0,,Physical Education with Biology,531.0,,Education,Physical Education with Biology,565.0,
DC206,Physical Education with Mathematics,443.0,,Physical Education with Mathematics,499.0,,Education,Physical Education with Mathematics,521.0,
DC208,Psychology,509.0,,Psychology,532.0,521.0,Social and behavioural sciences,Psychology,565.0,
DC209,Health and Society,419.0,,Health and Society,465.0,440.0,Health,Health and Society,477.0,
DC215,General Nursing,414.0,,General Nursing,454.0,433.0,Health,General Nursing,456.0,
DC216,Mental Health Nursing,368.0,,Mental Health Nursing,418.0,403.0,Health,Mental Health Nursing,420.0,
DC218,Children`s and General Nursing (Integrated),467.0,,Children`s and General Nursing (Integrated),500.0,498.0,Health,Children`s and General Nursing (Integrated),521.0,
DC230,"Economics, Politics and Law",400.0,,"Economics, Politics and Law",435.0,,Social and behavioural sciences,Economics,,431.0
DC231,International Relations,387.0,,International Relations,397.0,,Social and behavioural sciences,International Relations,398.0,
DC232,Law and Society (BCL),453.0,,Law and Society (BCL),466.0,,Law,Law and Society (BCL),469.0,
DC235,Education and Training - Daytime Delivery Mode (full-time),307.0,,Education and Training - Daytime and Flexible Delivery Mode (full-time),309.0,,Education,Education and Training - Daytime and Flexible Deli,302.0,
DC238,Social Sciences and Cultural Innovation,358.0,,Social Sciences and Cultural Innovation,377.0,,Humanities (except languages),Social Sciences and Cultural Innovation,387.0,
DC240,"Marketing, Innovation and Technology",451.0,,"Marketing, Innovation and Technology",476.0,474.0,Business and administration,Marketing,,499.0
DC291,Arts (Joint Honours) - Media Studies,349.0,,Arts (Joint Honours) - Media Studies,376.0,,Arts,Arts (Joint Honours) - Media Studies,350.0,
DC292,Arts (Joint Honours) - Law,356.0,,Arts (Joint Honours) - Law,403.0,,Arts,Arts (Joint Honours) - Law,400.0,
DC293,Arts (Joint Honours) - International Languages,369.0,,Arts (Joint Honours) - International Languages,377.0,,Arts,Arts (Joint Honours) - International Languages,379.0,
DC295,Arts (Joint Honours) - Politics,348.0,,Arts (Joint Honours) - Politics,376.0,,Arts,Arts (Joint Honours) - Politics,349.0,
DL822,Arts Management,209.0,,Arts Management,229.0,229.0,Business and administration,Arts Management,254.0,
DL823,Business Studies - Entrepreneurship and Management,260.0,,Business Management,235.0,,Business and administration,Business Management,220.0,
DL825,Applied Psychology,349.0,,Applied Psychology,379.0,,Social and behavioural sciences,Applied Psychology,418.0,413.0
DL826,Visual Communication Design,736.0,,Visual Communication Design,855.0,,Arts,Graphic Design,591.0,
DL827,Art,583.0,,Art,572.0,,Arts,Art,574.0,
DL832,Animation,855.0,,Animation,920.0,,Arts,Animation,989.0,
DL833,Photography,636.0,,Photography,650.0,,Arts,Photography and Visual Media,671.0,671.0
DL836,Creative Computing,217.0,,Creative Computing,219.0,,Information and Communication Technologies (ICTs),Creative Computing,235.0,
DL837,New Media Studies,290.0,,New Media Studies,201.0,,Humanities (except languages),New Media Studies,298.0,293.0
DL838,Creative Music Production,746.0,,Creative Music Production,754.0,,Arts,Creative Music Production,713.0,
GC200,Business Studies (Cork),269.0,,Business Studies,252.0,252.0,Business and administration,Business,269.0,242.0
GC201,Accounting and Finance (Cork),251.0,,Accounting and Finance,303.0,303.0,Business and administration,Accounting and Finance,260.0,226.0
GC230,Computing Science (Cork),228.0,,Computing Science,335.0,325.0,Information and Communication Technologies (ICTs),Computing Science,300.0,289.0
GC300,Business Studies (Limerick),251.0,,Business Studies,429.0,,Business and administration,Business,264.0,264.0
GC301,Accounting and Finance,307.0,,Accounting & Finance,253.0,253.0,Business and administration,Accounting and Finance,251.0,
GC302,"Business Studies - (HRM, Limerick)",269.0,,Business Studies - HRM,,,Business and administration,Business - HRM,377.0,377.0
GC400,Business Studies (Dublin),246.0,,Business Studies,248.0,248.0,Business and administration,Business,250.0,228.0
GC401,Accounting and Finance (Dublin),181.0,,Accounting and Finance,240.0,227.0,Business and administration,Accounting and Finance,242.0,242.0
GC403,Law (Dublin),225.0,,Law,244.0,228.0,Law,Law,245.0,242.0
GC407,"Business Studies (Marketing, Dublin)",246.0,,Business Studies (Marketing),280.0,280.0,Business and administration,Business (Marketing),264.0,264.0
GC430,Computing Science (Dublin),217.0,,Computing Science,252.0,220.0,Information and Communication Technologies (ICTs),Computing Science,251.0,251.0
GC450,Journalism and Visual Media (Dublin),227.0,,Communications and Media Production,254.0,254.0,Journalism and information,Communications and Media Production,225.0,225.0
GC462,Design Communication (Dublin),,,Design Communication (portfolio),,,Arts,Design Communication (portfolio),300.0,
GC489,Interior Architecture (Dublin),267.0,,Interior Architecture (portfolio),254.0,,Arts,Interior Architecture (portfolio),288.0,274.0
GC494,Fashion Design (Dublin),,,Fashion Design (portfolio),337.0,217.0,Arts,Fashion Design (portfolio),351.0,
AD101,First Year Art & Design (Common Entry),,550.0,"First Year Art & Design (Common Entry,portfolio)",,,Arts,First Year Art and Design (Common Entry portfolio),554.0,
AD102,Graphic Design and Moving Image Design,,635.0,Graphic Design and Moving Image Design (portfolio),,,Arts,Graphic Design and Moving Image Design (portfolio),538.0,
AD103,Textile & Surface Design and Jewellery & Objects,,545.0,Textile & Surface Design and Jewellery & Objects (portfolio),,,Arts,Textile and Surface Design and Jewellery and Objec,505.0,
AD202,Education & Design or Fine Art (Second Level Teaching),,580.0,"Education & Design or Fine Art (Second Level Teaching,portfolio))",,,Education,Education and Design or Fine Art (Second Level Tea,591.0,
AD204,Fine Art,,600.0,Fine Art (portfolio),,,Arts,Fine Art (portfolio),514.0,
AD211,Fashion Design,,600.0,Fashion Design (portfolio),,,Arts,Fashion Design (portfolio),760.0,679.0
AD212,Product Design,,600.0,Product Design (portfolio),,,Arts,Product Design (portfolio),413.0,
AD215,Visual Culture,300.0,338.0,Visual Culture,377.0,320.0,Arts,Visual Culture,337.0,300.0
AD217,Illustration,,625.0,Illustration (portfolio),,,Arts,Illustration (portfolio),738.0,
AD222,Interaction Design,,657.0,Interaction Design (portfolio),,,Information and Communication Technologies (ICTs),Interaction Design (portfolio),444.0,
NC003,Computing (Degree Award options),261.0,316.0,Computing (Degree Award options),260.0,,Information and Communication Technologies (ICTs),Computing (Degree Award options),271.0,
NC005,Human Resource Management,297.0,320.0,Human Resource Management,300.0,,Business and administration,Human Resource Management,301.0,
NC009,Business,297.0,339.0,Business,300.0,,Business and administration,Business,300.0,
NC010,Psychology,366.0,399.0,Psychology,400.0,,Social and behavioural sciences,Psychology,420.0,
NC020,Marketing Practice,270.0,307.0,Marketing Practice,280.0,,Business and administration,Marketing Practice,270.0,
NC022,Accounting and Finance,338.0,376.0,Accounting and Finance,337.0,,Business and administration,Accounting and Finance,330.0,
NC023,Technology Management (with specialisations),260.0,303.0,Technology Management (with specialisations),261.0,,Information and Communication Technologies (ICTs),Technology Management (with specialisations),266.0,
RC001,Medicine - Undergraduate Entry (HPAT required),729.0,733.0,Medicine - Undergraduate Entry (HPAT required),733.0,,Health,Medicine - Undergraduate Entry (HPAT required),741.0,740.0
RC004,Physiotherapy,532.0,542.0,Physiotherapy,566.0,,Health,Physiotherapy,589.0,589.0
RC005,Pharmacy,555.0,566.0,Pharmacy,579.0,,Health,Pharmacy,613.0,613.0
TR002,Music,414.0,473.0,Music,435.0,429.0,Arts,Music,508.0,477.0
TR003,History,486.0,518.0,History,497.0,493.0,Humanities (except languages),History,552.0,543.0
TR004,Law,532.0,552.0,Law,566.0,565.0,Law,Law,590.0,589.0
TR005,Philosophy,391.0,446.0,Philosophy,442.0,,Humanities (except languages),Philosophy,510.0,497.0
TR006,Psychology,555.0,577.0,Psychology,567.0,555.0,Social and behavioural sciences,Psychology,601.0,590.0
TR007,Clinical Speech and Language Studies,499.0,529.0,Clinical Speech and Language Studies,529.0,,Health,Clinical Speech and Language Studies,564.0,
TR009,Music Education,430.0,465.0,Music Education,420.0,,Education,Music Education,496.0,486.0
TR015,"Philosophy, Political Science, Economics and Sociology",566.0,577.0,"Philosophy, Political Science, Economics and Sociology",589.0,,Social and behavioural sciences,Philosophy,,
TR016,Deaf Studies,337.0,372.0,Deaf Studies,340.0,,Languages,Deaf Studies,389.0,
TR018,Law and French,532.0,554.0,Law and French,565.0,,Law,Law and French,602.0,602.0
TR019,Law and German,523.0,555.0,Law and German,543.0,542.0,Law,Law and German,577.0,567.0
TR021,"Classics, Ancient History and Archaeology",377.0,495.0,"Classics, Ancient History and Archaeology",370.0,,Humanities (except languages),Classics,,467.0
TR022,Early and Modern Irish,347.0,407.0,Early and Modern Irish,398.0,,Languages,Early and Modern Irish,377.0,
TR023,English Studies,463.0,511.0,English Studies,487.0,476.0,Languages,English Studies,546.0,541.0
TR024,European Studies,520.0,544.0,European Studies,544.0,542.0,Humanities (except languages),European Studies,566.0,
TR025,Drama and Theatre Studies,489.0,531.0,Drama and Theatre Studies,564.0,530.0,Arts,Drama and Theatre Studies,543.0,519.0
TR028,Ancient and Medieval History and Culture,339.0,451.0,Ancient and Medieval History and Culture,342.0,,Humanities (except languages),Ancient and Medieval History and Culture,498.0,463.0
TR031,Mathematics,566.0,589.0,Mathematics,531.0,,Mathematics and statistics,Mathematics,579.0,578.0
TR032,Engineering,487.0,520.0,Engineering,510.0,509.0,Engineering and engineering trades,Engineering,556.0,555.0
TR033,Computer Science,465.0,488.0,Computer Science,509.0,,Information and Communication Technologies (ICTs),Computer Science,566.0,549.0
TR034,Management Science and Information Systems Studies,589.0,602.0,Management Science and Information Systems Studies,613.0,,Business and administration,Management Science and Information Systems Studies,625.0,625.0
TR035,Theoretical Physics,554.0,601.0,Theoretical Physics,543.0,,Physical sciences,Theoretical Physics,590.0,589.0
TR038,Engineering with Management,499.0,543.0,Engineering with Management,532.0,,Engineering and engineering trades,Engineering with Management,589.0,589.0
TR040,Middle Eastern and European Languages and Cultures,485.0,,Middle Eastern and European Languages and Cultures,466.0,,Languages,Middle Eastern and European Languages and Cultures,520.0,499.0
TR041,Religion,347.0,,Religion,368.0,,Humanities (except languages),Religion,417.0,
TR051,Medicine (HPAT required),730.0,,Medicine (HPAT required),735.0,734.0,Health,Medicine (HPAT required),743.0,743.0
TR052,Dental Science,590.0,,Dental Science,613.0,613.0,Health,Dental Science,625.0,625.0
TR053,Physiotherapy,533.0,,Physiotherapy,566.0,566.0,Health,Physiotherapy,590.0,
TR054,Occupational Therapy,500.0,,Occupational Therapy,533.0,,Health,Occupational Therapy,578.0,577.0
TR055,Radiation Therapy,510.0,,Radiation Therapy,543.0,,Health,Radiation Therapy,577.0,566.0
TR056,Human Health and Disease,543.0,,Human Health and Disease,565.0,,Health,Human Health and Disease,601.0,
TR060,Biological and Biomedical Sciences,510.0,,Biological and Biomedical Sciences,543.0,543.0,Biological and related sciences,Biological and Biomedical Sciences,578.0,577.0
TR061,Chemical Sciences,488.0,,Chemical Sciences,517.0,510.0,Physical sciences,Chemical Sciences,558.0,554.0
TR062,Geography and Geoscience,435.0,,Geography and Geoscience,473.0,,Physical sciences,Geography and Geoscience,495.0,
TR063,Physical Sciences,498.0,,Physical Sciences,498.0,498.0,Physical sciences,Physical Sciences,554.0,543.0
TR072,Pharmacy,555.0,,Pharmacy,590.0,,Health,Pharmacy,613.0,613.0
TR080,Global Business,565.0,,Global Business,589.0,,Business and administration,Global Business,613.0,
TR081,"Business, Economic and Social Studies (BESS)",518.0,,"Business, Economic and Social Studies (BESS)",543.0,543.0,Social and behavioural sciences,Business,,577.0
TR084,Social Studies (Social Work),420.0,,Social Studies (Social Work),462.0,,Welfare,Social Studies (Social Work),497.0,487.0
TR085,Business Studies and French,509.0,,Business Studies and French,540.0,531.0,Business and administration,Business Studies and French,564.0,
TR086,Business Studies and German,474.0,,Business Studies and German,509.0,499.0,Business and administration,Business Studies and German,530.0,
TR087,Business Studies and Russian,467.0,,Business Studies and Russian,474.0,465.0,Business and administration,Business Studies and Russian,487.0,
TR089,Business Studies and Polish,393.0,,Business Studies and Polish,444.0,424.0,Business and administration,Business Studies and Polish,391.0,
TR090,Business Studies and Spanish,510.0,,Business Studies and Spanish,531.0,,Business and administration,Business Studies and Spanish,566.0,
TR091,General Nursing (Meath and St James`s),393.0,,General Nursing (Meath and St James`s),429.0,,Health,General Nursing (Meath and St James`s),462.0,456.0
TR093,General Nursing (Adelaide School of Nursing),378.0,,General Nursing (Adelaide School of Nursing),430.0,429.0,Health,General Nursing (Adelaide School of Nursing),473.0,
TR095,Mental Health Nursing,358.0,,Mental Health Nursing,408.0,,Health,Mental Health Nursing,442.0,
TR097,Intellectual Disability Nursing,346.0,,Intellectual Disability Nursing,396.0,,Health,Intellectual Disability Nursing,412.0,410.0
TR911,Children`s and General Nursing (Integrated),476.0,,Children`s and General Nursing (Integrated),511.0,510.0,Health,Children`s and General Nursing (Integrated),531.0,
TR913,Midwifery,423.0,,Midwifery,478.0,477.0,Health,Midwifery,521.0,
DN100,Architecture,473.0,,Architecture,510.0,,Architecture and construction,Architecture,555.0,
DN120,Landscape Architecture,353.0,,Landscape Architecture,407.0,,Architecture and construction,Landscape Architecture,463.0,435.0
DN130,City Planning and Environmental Policy,367.0,,City Planning and Environmental Policy,407.0,400.0,Architecture and construction,City Planning and Environmental Policy,445.0,424.0
DN150,Engineering (Common Entry),511.0,,Engineering (Common Entry),531.0,521.0,Engineering and engineering trades,Engineering (Common Entry),565.0,
DN200,Science (options),521.0,,Science (options),533.0,,"Interdisciplinary programmes and qualifications involving natural sciences, Mathematics and statistics",Science (options),577.0,567.0
DN201,Computer Science (Common Entry),488.0,,Computer Science (Common Entry),510.0,,Information and Communication Technologies (ICTs),Computer Science (Common Entry),554.0,549.0
DN230,Actuarial and Financial Studies,577.0,,Actuarial and Financial Studies,601.0,,Mathematics and statistics,Actuarial and Financial Studies,613.0,613.0
DN250,Agricultural Science (options),420.0,,Agricultural Science (options),456.0,455.0,"Interdisciplinary programmes and qualifications involving agriculture, forestry and veterinary",Agricultural Science (options),454.0,444.0
DN261,Food Science,434.0,,Food Science,477.0,,Agriculture,Food Science,531.0,
DN262,Human Nutrition,493.0,,Human Nutrition,531.0,,Health,Human Nutrition,566.0,
DN300,Veterinary Medicine - Undergraduate Entry,567.0,,Veterinary Medicine - Undergraduate Entry,589.0,,Veterinary,Veterinary Medicine - Undergraduate Entry,601.0,
DN310,Veterinary Nursing,441.0,,Veterinary Nursing,478.0,477.0,Veterinary,Veterinary Nursing,521.0,509.0
DN400,Medicine - Undergraduate Entry (HPAT required),735.0,,Medicine - Undergraduate Entry (HPAT required),737.0,736.0,Health,Medicine - Undergraduate Entry (HPAT required),743.0,
DN410,Radiography,507.0,,Radiography,534.0,532.0,Health,Radiography,566.0,566.0
DN420,Physiotherapy,542.0,,Physiotherapy,578.0,577.0,Health,Physiotherapy,601.0,601.0
DN425,Health and Performance Science,488.0,,Health and Performance Science,510.0,509.0,Health,Health and Performance Science,544.0,543.0
DN430,Sport and Exercise Management,436.0,,Sport and Exercise Management,455.0,445.0,Business and administration,Sport and Exercise Management,484.0,476.0
DN450,General Nursing,398.0,,General Nursing,429.0,424.0,Health,General Nursing,462.0,
DN451,Children`s and General Nursing (Integrated),462.0,,Children`s and General Nursing (Integrated),509.0,506.0,Health,Children`s and General Nursing (Integrated),533.0,
DN452,Midwifery,409.0,,Midwifery,489.0,476.0,Health,Midwifery,510.0,509.0
DN453,Mental Health Nursing,379.0,,Mental Health Nursing,397.0,393.0,Health,Mental Health Nursing,442.0,
DN520,Arts (Two Subjects),336.0,,Joint Honours (options),310.0,,Arts,Joint Honours (options),381.0,378.0
DN530,Humanities (options),348.0,,Humanities (options),340.0,336.0,Humanities (except languages),Humanities (options),397.0,388.0
DN541,Modern Languages (options),348.0,,Modern Languages (options),303.0,,Languages,Modern Languages (options),320.0,
DN600,Law (options),520.0,,Law (options),546.0,544.0,Law,Law (options),576.0,567.0
DN610,Business and Law,521.0,,Business and Law,545.0,,Business and administration,Business and Law,573.0,567.0
DN650,Commerce,498.0,,Commerce,521.0,521.0,Business and administration,Commerce,555.0,
DN660,Commerce International (options),507.0,,Commerce International (options),517.0,511.0,Business and administration,Commerce International (options),555.0,554.0
DN670,Economics and Finance,601.0,,Economics and Finance,613.0,,Business and administration,Economics and Finance,625.0,625.0
DN700,Social Sciences (options),388.0,,Social Sciences (options),421.0,419.0,Social and behavioural sciences,Social Sciences (options),475.0,474.0
DN710,Economics,476.0,,Economics,498.0,498.0,Social and behavioural sciences,Economics,534.0,532.0
DN720,Psychology,517.0,,Psychology,530.0,522.0,Social and behavioural sciences,Psychology,566.0,564.0
DN750,Social Policy and Sociology,330.0,,Social Policy and Sociology,378.0,,Social and behavioural sciences,Social Policy and Sociology,421.0,
DK810,Accounting and Finance,306.0,,Accounting and Finance,305.0,305.0,Business and administration,Accounting and Finance,307.0,307.0
DK816,Business Studies,300.0,,Business Studies,300.0,300.0,Business and administration,Business Studies,301.0,301.0
DK820,Computing in Games Development,307.0,,Computing in Games Development,311.0,311.0,Information and Communication Technologies (ICTs),Computing in Games Development,309.0,309.0
DK821,Computing in Software Development,301.0,,Computing in Software Development,302.0,302.0,Information and Communication Technologies (ICTs),Computing in Software Development,320.0,316.0
DK830,Building Surveying,302.0,,Building Surveying,336.0,,Architecture and construction,Building Surveying,305.0,
DK831,Architectural Technology,301.0,,Architectural Technology,389.0,,Architecture and construction,Architectural Technology,368.0,314.0
DK832,Construction Management,300.0,,Construction Management,387.0,,Architecture and construction,Construction Management,358.0,305.0
DK843,Engineering (Common Entry),303.0,,Engineering (Common Entry),340.0,340.0,Engineering and engineering trades,Engineering (Common Entry),404.0,391.0
DK861,Arts,300.0,,Arts,302.0,302.0,Social and behavioural sciences,Arts,302.0,302.0
DK862,Social Care,300.0,,Social Care,301.0,,Welfare,Social Care,322.0,319.0
DK863,Creative Media,300.0,,Creative Media,308.0,308.0,Arts,Creative Media,336.0,320.0
DK864,Film and Television Production,300.0,,Film and Television Production,300.0,300.0,Arts,Film and Television Production,308.0,
DK865,Audio and Music Production,301.0,,Audio and Music Production,301.0,,Arts,Audio and Music Production,352.0,
DK870,General Nursing,392.0,,General Nursing,403.0,401.0,Health,General Nursing,440.0,440.0
DK872,Intellectual Disability Nursing,300.0,,Intellectual Disability Nursing,336.0,,Health,Intellectual Disability Nursing,367.0,366.0
DK874,Mental Health Nursing,356.0,,Mental Health Nursing,356.0,,Health,Mental Health Nursing,398.0,
DK876,Early Childhood Studies,305.0,,Early Childhood Studies,321.0,,Welfare,Early Childhood Studies,300.0,
DK877,Midwifery,398.0,,Midwifery,440.0,,Health,Midwifery,482.0,477.0
DK880,Health and Physical Activity,300.0,,Health and Physical Activity,328.0,,Health,Health and Physical Activity,301.0,
DK882,Agriculture (Award options),303.0,,Agriculture (Award options),310.0,,"Interdisciplinary programmes and qualifications involving agriculture, forestry and veterinary",Agriculture (Award options),342.0,
DK883,Science (Award options),300.0,,Science (Award options),358.0,321.0,"Interdisciplinary programmes and qualifications involving natural sciences, Mathematics and statistics",Science (Award options),373.0,368.0
GA181,Accounting,303.0,,Accounting,309.0,,Business and administration,Accounting,303.0,
GA182,Business,290.0,,Business,287.0,,Business and administration,Business,285.0,
GA183,Business Information Systems,309.0,,Business Information Systems,296.0,,Information and Communication Technologies (ICTs),Business Information Systems,298.0,
GA184,Marketing and Sales,307.0,,Marketing and Sales,307.0,,Business and administration,Marketing and Sales,300.0,
GA185,Finance and Economics,307.0,,Finance and Economics,293.0,,Business and administration,Finance and Economics,318.0,
GA186,Business with Entrepreneurship,297.0,,Business with Entrepreneurship,280.0,,Business and administration,Business with Entrepreneurship,287.0,
GA187,Rural Enterprise and Agri-Business (Mountbellew Campus),280.0,,Rural Enterprise and Agri-Business,281.0,,Agriculture,Rural Enterprise and Agri-Business,291.0,
GA281,Film and Documentary,287.0,,Film and Documentary,304.0,,Arts,Film and Documentary,310.0,301.0
GA282,Heritage Studies,238.0,,Heritage Studies,220.0,,Social and behavioural sciences,Heritage Studies,252.0,
GA283,Contemporary Art,260.0,,Contemporary Art,679.0,,Arts,Contemporary Art (portfolio),790.0,
GA284,Design,309.0,,Design,303.0,,Arts,Design,331.0,
GA380,International Hotel Management,225.0,,International Hotel Management,242.0,,Personal services,International Hotel Management,218.0,
GA381,International Tourism Management,261.0,,International Tourism Management,278.0,,Personal services,International Tourism Management,252.0,
GA382,Culinary and Gastronomic Science,225.0,,Culinary and Gastronomic Science,206.0,,Manufacturing and processing,Culinary and Gastronomic Science,235.0,
GA480,Construction Management,260.0,,Construction Management,260.0,,Architecture and construction,Construction Management,302.0,
GA482,Quantity Surveying and Construction Economics,280.0,,Quantity Surveying and Construction Economics,288.0,,Architecture and construction,Quantity Surveying and Construction Economics,304.0,
GA483,Architectural Technology,251.0,,Architectural Technology,265.0,,Architecture and construction,Architectural Technology,281.0,273.0
GA484,Civil Engineering,270.0,,Civil Engineering,290.0,,Architecture and construction,Civil Engineering,377.0,
GA580,Software and Electronic Engineering,301.0,,Software and Electronic Engineering,300.0,,Engineering and engineering trades,Software and Electronic Engineering,300.0,
GA680,Mechanical Engineering,336.0,,Mechanical Engineering,330.0,,Engineering and engineering trades,Mechanical Engineering,400.0,
GA681,Energy Engineering,281.0,,Energy Engineering,293.0,,Engineering and engineering trades,Energy Engineering,312.0,
GA682,Biomedical Engineering,331.0,,Biomedical Engineering,313.0,,Engineering and engineering trades,Biomedical Engineering,331.0,
GA683,Agricultural Engineering,301.0,,Agricultural Engineering,309.0,,Engineering and engineering trades,Agricultural Engineering,304.0,
GA684,Engineering (Common entry to Agri/Biomed/Energy/Mech Eng),346.0,,Engineering (Common entry to Agri/Biomed/Energy/Mech Eng),340.0,,Engineering and engineering trades,Engineering Common Entry to Manu/Agri/Biomed/Energ,413.0,
GA780,Applied Freshwater and Marine Biology,300.0,,Applied Freshwater and Marine Biology,327.0,,Biological and related sciences,Applied Freshwater and Marine Biology,366.0,
GA781,Applied Biology and Biopharmaceutical Science,317.0,,Applied Biology and Biopharmaceutical Science,337.0,,Biological and related sciences,Applied Biology and Biopharmaceutical Science,381.0,
GA782,Chemical and Pharmaceutical Science,307.0,,Chemical and Pharmaceutical Science,336.0,,Environment,Chemical and Pharmaceutical Science,356.0,
GA783,Physics and Instrumentation,373.0,,Physics and Instrumentation,363.0,,Physical sciences,Physics and Instrumentation,301.0,
GA784,Science (Undenominated),327.0,,Science (Undenominated),372.0,,Biological and related sciences,Science (Undenominated),445.0,
GA785,Medical Science,451.0,,Medical Science,473.0,,Health,Medical Science,517.0,510.0
GA786,Forensic Science and Analysis,300.0,,Forensic Science and Analysis,317.0,,Physical sciences,Forensic Science and Analysis,408.0,
GA787,Computing in Software Development,275.0,,Computing in Software Development,270.0,,Information and Communication Technologies (ICTs),Computing in Software Development,310.0,
GA788,Computing and Digital Media,270.0,,Computing and Digital Media,274.0,,Information and Communication Technologies (ICTs),Computing and Digital Media,270.0,
GA789,Agriculture and Environmental Management (Mountbellew Campus),297.0,,Agriculture and Environmental Management,287.0,,Agriculture,Agriculture and Environmental Management,340.0,
GA790,Sport and Exercise Science,350.0,,Sport and Exercise Science,356.0,,Personal services,Sport and Exercise Science,376.0,366.0
GA791,Public Health Nutrition,364.0,,Public Health Nutrition,368.0,,Biological and related sciences,Public Health Nutrition,368.0,
GA880,General Nursing - Mayo Campus,389.0,,General Nursing,429.0,422.0,Health,General Nursing,440.0,
GA882,Psychiatric Nursing - Mayo Campus,346.0,,Psychiatric Nursing,367.0,,Health,Psychiatric Nursing,369.0,
GA885,Outdoor Education - Mayo Campus,210.0,,Outdoor Education,252.0,,Personal services,Outdoor Education,269.0,
GA887,History and Geography - Mayo Campus,228.0,,History and Geography,244.0,,Humanities (except languages),History and Geography,201.0,
GA889,Applied Social Care - Mayo Campus,260.0,,Applied Social Care,266.0,,Welfare,Applied Social Care,265.0,
GA890,Early Childhood Care and Education - Mayo Campus,278.0,,Early Childhood Education and Care,270.0,,Education,Early Childhood Education and Care,281.0,227.0
GA980,Education (Design Graphics and Construction) - Letterfrack Campus,376.0,,Education (Design Graphics and Construction),377.0,,Education,Education (Design Graphics and Construction),410.0,
GY101,Arts (Joint-Honours),300.0,,Arts (Joint-Honours),300.0,,Arts,Arts (Joint-Honours),327.0,326.0
GY104,Arts (Psychology),507.0,,Arts (Psychology),523.0,520.0,Social and behavioural sciences,BSc (Psychology),564.0,555.0
GY105,Arts (History),318.0,,Arts (History),301.0,,Humanities (except languages),Arts (History),357.0,
GY109,Arts (Mathematics and Education),411.0,,Arts (Mathematics and Education),403.0,,Education,Arts (Mathematics and Education),413.0,
GY110,Arts with Children's Studies,382.0,,Arts with Children`s Studies,357.0,,Social and behavioural sciences,Arts (Children and Youth Studies - options),387.0,
GY111,Arts with Creative Writing,402.0,,Arts with Creative Writing,330.0,,Arts,Arts (English and Creative Writing),421.0,420.0
GY113,Arts with Human Rights,338.0,,Arts with Human Rights,368.0,,Social and behavioural sciences,Arts with Human Rights,413.0,
GY115,Arts with Performing Arts Studies,328.0,,Arts with Performing Arts Studies,387.0,,Arts,Arts with Performing Arts Studies,300.0,
GY118,"Arts (Drama, Theatre and Performance Studies)",410.0,,"Arts (Drama, Theatre and Performance Studies)",451.0,,Arts,Arts (Drama,,453.0
GY119,Journalism,410.0,,Arts (Journalism),400.0,,Journalism and information,Arts (Journalism),484.0,473.0
GY122,Na Dána (Cumarsáid agus Gaeilge),308.0,,Na Dána (Cumarsáid agus Gaeilge),361.0,,Arts,Na Dána (Cumarsáid agus Gaeilge),410.0,
GY123,BSc (Applied Social Sciences),357.0,,Applied Social Sciences,358.0,,Social and behavioural sciences,Applied Social Sciences,419.0,
GY125,Arts (Digital Arts and Technology),324.0,,Arts (Digital Arts and Technology),328.0,,Arts,Arts (Digital Arts and Technology),403.0,
GY127,Arts (Film and Digital Media),387.0,,Arts (Film and Digital Media),401.0,,Arts,Arts (Film and Digital Media),430.0,421.0
GY128,Arts (Global Languages),370.0,,Arts (Global Languages),352.0,,Languages,Arts (Global Languages),346.0,
GY130,Arts (Music),400.0,,Arts (Music),408.0,,Arts,Arts (Music),462.0,
GY132,"Government (Politics, Economics and Law)",402.0,,"Government (Politics, Economics and Law)",407.0,,Social and behavioural sciences,Government (Politics,,465.0
GY133,Education (Computer Science and Mathematical  Studies),401.0,,Education (Computer Science and Mathematical Studies),422.0,,Education,Education (Computer Science and Mathematical Studi,454.0,
GY201,Commerce,420.0,,Commerce,433.0,,Business and administration,Commerce,476.0,
GY202,Commerce (International) with French,484.0,,Commerce (International) with French,484.0,,Business and administration,Commerce (International) with French,520.0,
GY203,Commerce (International) with German,489.0,,Commerce (International) with German,489.0,,Business and administration,Commerce (International) with German,518.0,
GY204,Commerce (International) with Spanish,484.0,,Commerce (International) with Spanish,495.0,,Business and administration,Commerce (International) with Spanish,506.0,
GY206,Business Information Systems (Work Placement & Optional Int`l Study),431.0,,Business Information Systems (Work Placement & Optional Int`l Study),465.0,,Business and administration,Business Information Systems (Work Placement and O,509.0,
GY207,Commerce (Accounting) including optional Global Experience year,486.0,,Commerce (Accounting) including optional Global Experience year,509.0,,Business and administration,Commerce (Accounting) including optional Global Ex,543.0,
GY208,Commerce (Gaeilge),473.0,,Commerce (Gaeilge),473.0,,Business and administration,Commerce (Gaeilge),508.0,
GY209,Commerce (Global Experience),509.0,,Commerce (Global Experience),530.0,,Business and administration,Commerce (Global Experience),551.0,
GY250,Law & Business,436.0,,Law and Business,487.0,,Law,Law and Business,510.0,
GY251,Law,473.0,,Law (BCL),499.0,,Law,Law (BCL),542.0,
GY252,Law & Human Rights,510.0,,Law (BCL) and Human Rights,520.0,,Law,Law (BCL) and Human Rights,565.0,
GY261,"Business Studies (International Hotel Management, Shannon)",486.0,,"Business Studies (International Hotel Management, interview)",497.0,,Business and administration,Business Studies in International Hotel Management,503.0,
GY262,"Commerce (International Hotel Management, Shannon)",671.0,,"Commerce (International Hotel Management, interview)",681.0,,Business and administration,Commerce in International Hotel Management (interv,709.0,
GY301,Science,400.0,,Science,433.0,432.0,Biological and related sciences,Science,489.0,488.0
GY303,Biomedical Science,533.0,,Biomedical Science,556.0,,Biological and related sciences,Biomedical Science,613.0,
GY304,Biotechnology,473.0,,Biotechnology,465.0,,Engineering and engineering trades,Biotechnology,498.0,495.0
GY308,Environmental Science,413.0,,Environmental Science,408.0,,Environment,Environmental Science,431.0,430.0
GY309,Financial Mathematics and Economics,454.0,,Financial Mathematics and Economics,487.0,,Mathematics and statistics,Financial Mathematics and Economics,509.0,
GY310,Marine Science,409.0,,Marine Science,419.0,,Physical sciences,Marine Science,467.0,
GY313,Environmental Health and Safety,402.0,,Environmental Health and Safety,412.0,,Hygiene and occupational health services,Environmental Health and Safety,412.0,
GY314,Earth and Ocean Sciences,402.0,,Earth and Ocean Sciences,403.0,,Physical sciences,Earth and Ocean Sciences,422.0,
GY318,Biopharmaceutical Chemistry,510.0,,Biopharmaceutical Chemistry,509.0,,Biological and related sciences,Biopharmaceutical Chemistry,555.0,
GY319,Mathematical Science,456.0,,Mathematical Science,476.0,,Mathematics and statistics,Mathematical Science,543.0,
GY320,"Physics (Degree options: Applied,Astrophysics,Biomedical,Theoretical)",401.0,,"Physics (Degree options: Applied,Astrophysics,Biomedical,Theoretical)",402.0,,Physical sciences,Physics (Degree options: Applied Astrophysics Biom,465.0,
GY350,Computer Science and Information Technology,425.0,,Computer Science and Information Technology,403.0,,Information and Communication Technologies (ICTs),Computer Science and Information Technology,495.0,
GY401,Engineering (Undenominated),444.0,,Engineering (Undenominated),465.0,,Engineering and engineering trades,Engineering (Undenominated),522.0,520.0
GY402,Civil Engineering,509.0,,Civil Engineering,455.0,,Architecture and construction,Civil Engineering,533.0,521.0
GY405,Mechanical Engineering,443.0,,Mechanical Engineering,454.0,,Engineering and engineering trades,Mechanical Engineering,541.0,
GY406,Electronic and Computer Engineering,509.0,,Electronic and Computer Engineering,510.0,,Engineering and engineering trades,Electronic and Computer Engineering,555.0,
GY408,Biomedical Engineering,519.0,,Biomedical Engineering,509.0,,Engineering and engineering trades,Biomedical Engineering,554.0,
GY410,Project and Construction Management,434.0,,Project and Construction Management,403.0,,Architecture and construction,Project and Construction Management,431.0,
GY413,Energy Systems Engineering,532.0,,Energy Systems Engineering,502.0,,Engineering and engineering trades,Energy Systems Engineering,509.0,
GY414,Electrical and Electronic Engineering,454.0,,Electrical and Electronic Engineering,405.0,,Engineering and engineering trades,Electrical and Electronic Engineering,433.0,
GY501,"Medicine (five year/six year course, HPAT required)",726.0,,"Medicine (five year/six year course, HPAT required)",728.0,,Health,Medicine (five year/six year course,,737.0
GY502,Occupational Therapy,532.0,,Occupational Therapy,555.0,,Health,Occupational Therapy,601.0,
GY503,Speech and Language Therapy,529.0,,Speech and Language Therapy,543.0,,Health,Speech and Language Therapy,578.0,
GY504,Podiatric Medicine,434.0,,Podiatric Medicine,443.0,,Health,Podiatric Medicine,531.0,526.0
GY515,General Nursing (Galway and Portiuncula),442.0,,General Nursing (Galway and Portiuncula),476.0,473.0,Health,General Nursing (Galway and Portiuncula),502.0,496.0
GY516,Mental Health Nursing,388.0,,Mental Health Nursing,440.0,,Health,Mental Health Nursing,475.0,441.0
GY517,Midwifery,429.0,,Midwifery,495.0,,Health,Midwifery,520.0,509.0
LY108,Business - Accounting,318.0,,Business - Accounting,309.0,,Business and administration,Business - Accounting,312.0,
LY118,Business,287.0,,Business,290.0,,Business and administration,Business,288.0,
LY208,Law,300.0,,Law,300.0,,Law,Law,300.0,290.0
LY228,Sports and Exercise (Common Entry),278.0,,Sports and Exercise - Common Entry,300.0,,Personal services,Sports and Exercise - Common Entry,290.0,
LY408,Design (Common Entry),307.0,,Design - Common Entry,320.0,,Arts,Design - Common Entry,301.0,
LY508,Fire Safety Engineering,270.0,,Fire Safety Engineering,276.0,,Architecture and construction,Fire Safety Engineering,283.0,
LY518,Quantity Surveying,307.0,,Quantity Surveying,301.0,,Architecture and construction,Quantity Surveying,304.0,
LY528,Construction Management,267.0,,Construction Management,271.0,,Architecture and construction,Construction Management,262.0,
LY618,Electronics and Embedded Systems,307.0,,Electronic Engineering,312.0,,Engineering and engineering trades,Electronic Engineering,321.0,
LY708,Applied Computing,300.0,,Applied Computing,306.0,,Information and Communication Technologies (ICTs),Applied Computing,320.0,
LY818,Science (Common Entry),302.0,,Science - Common Entry,303.0,,Biological and related sciences,Science - Common Entry,302.0,
LY828,Agriculture (Common Entry),300.0,,Agriculture - Common Entry,307.0,,Agriculture,Agriculture - Common Entry,308.0,300.0
LY908,General Nursing,383.0,,General Nursing,400.0,,Health,General Nursing,429.0,
LY918,Psychiatric Nursing,291.0,,Psychiatric Nursing,357.0,,Health,Psychiatric Nursing,367.0,
LY928,Intellectual Disability Nursing,288.0,,Intellectual Disability Nursing,326.0,,Health,Intellectual Disability Nursing,357.0,
LY968,"Early Childhood Care, Health and Education",300.0,,"Early Childhood Care, Health and Education",303.0,,Welfare,Early Childhood Care,,288.0
LY978,Health & Social Care (Common Entry),260.0,,Health & Social Care - Common Entry,280.0,,Health,Health and Social Care - Common Entry,279.0,
MI001,Contemporary & Applied Theatre Studies,345.0,,Contemporary & Applied Theatre Studies,375.0,,Arts,Contemporary and Applied Theatre Studies,209.0,
MI002,Arts (offered in conjunction with the University of Limerick),300.0,,Arts,300.0,281.0,Arts,Arts,280.0,
MI005,Education - Primary Teaching,473.0,,Education - Primary Teaching,495.0,,Education,Education - Primary Teaching,522.0,
MI006,Education - Primary Teaching (Gaeltacht Applicants),442.0,,Education - Primary Teaching - Gaeltacht Applicants,456.0,,Education,Education - Primary Teaching - Gaeltacht Applicant,485.0,
MI007,Early Childhood Care and Education,366.0,,Early Childhood Care and Education,357.0,,Education,Early Childhood Care and Education,409.0,
MI008,Education and Psychology - Primary Teaching,543.0,,Education and Psychology - Primary Teaching,588.0,,Education,Education and Psychology - Primary Teaching,590.0,
MI009,"Education, Business Studies and Accounting (Thurles Campus)",392.0,,"Education, Business Studies and Accounting",402.0,,Education,Education,,434.0
MI010,"Education, Business Studies and Religious Studies (Thurles Campus)",326.0,,"Education, Business Studies and Religious Studies",368.0,,Education,Education,,370.0
MI011,"Education, Irish and Religious Studies (Thurles Campus)",377.0,,"Education, Gaeilge and Religious Studies",409.0,,Education,Education,,407.0
MI012,"Education, Irish and Business Studies (Thurles Campus)",398.0,,"Education, Gaeilge and Business Studies",401.0,,Education,Education,,387.0
MI013,"Education, Mathematics and Gaeilge (Thurles Campus)",433.0,,"Education, Mathematics and Gaeilge",444.0,,Education,Education,,509.0
LC110,"Art and Design (Common Entry, portfolio)",734.0,,"Art and Design (Common Entry, portfolio)",740.0,,Arts,Art and Design (Common Entry,,794.0
LC114,Fashion and Textiles for Product and Costume (portfolio),900.0,,Fashion and Textiles for Product and Costume (portfolio),880.0,,Arts,Fashion and Textiles for Product and Costume (port,914.0,
LC220,Digital Marketing,254.0,,Digital Marketing,262.0,,Business and administration,Digital Marketing,263.0,
LC223,Law and Taxation,308.0,,Law and Taxation,307.0,,Law,Law and Taxation,331.0,
LC224,Accounting and Finance,299.0,,Accounting and Finance,300.0,,Business and administration,Accounting and Finance,300.0,
LC225,Marketing and Management,298.0,,Marketing and Management,298.0,,Business and administration,Marketing and Management,298.0,
LC226,Enterprise and Innovation,216.0,,Enterprise and Innovation,234.0,234.0,Business and administration,Enterprise and Innovation,255.0,
LC233,Software Development,300.0,,Software Development,272.0,,Information and Communication Technologies (ICTs),Software Development,280.0,
LC234,Interactive Digital Media,219.0,,Interactive Digital Media,225.0,,Information and Communication Technologies (ICTs),Immersive Digital Media and Spatial Computing,226.0,
LC236,Internet Systems Development,298.0,,Internet Systems Development,262.0,260.0,Information and Communication Technologies (ICTs),Internet Systems Development,260.0,
LC239,Computer Networks and Systems Management,335.0,,Computer Networks and Systems Management,307.0,,Information and Communication Technologies (ICTs),Computer Networks and Systems Management,317.0,
LC241,Construction Management,276.0,,Construction Management,255.0,,Architecture and construction,Construction Management,326.0,
LC242,Property Valuation and Management,292.0,,Property Valuation and Management,282.0,,Architecture and construction,Property Valuation and Management,308.0,
LC243,Quantity Surveying,281.0,,Quantity Surveying,294.0,,Architecture and construction,Quantity Surveying,278.0,
LC248,Built Environment (Common Entry),307.0,,Built Environment (Common Entry),288.0,,Architecture and construction,Built Environment (Common Entry),300.0,
LC252,Civil Engineering Management,281.0,,Civil Engineering Management,270.0,,Architecture and construction,Civil Engineering Management,264.0,
LC263,Clinical Technology,282.0,,Clinical Technology,294.0,,Health,Medical Technology,391.0,
LC265,Forensic and Pharmaceutical Sciences,335.0,,Forensic and Pharmaceutical Sciences,413.0,,Physical sciences,Forensic and Pharmaceutical Sciences,498.0,
LC266,Drug and Medicinal Product Analysis,236.0,,Drug and Medicinal Product Analysis,262.0,,Environment,Drug and Medicinal Product Analysis,252.0,
LC275,Electrical Engineering,288.0,,Electrical Engineering,298.0,,Engineering and engineering trades,Electrical Engineering,361.0,347.0
LC288,Mechanical Engineering,307.0,,Mechanical Engineering,347.0,346.0,Engineering and engineering trades,Mechanical Engineering,378.0,369.0
LC289,Precision Engineering,280.0,,Precision Engineering,291.0,,Engineering and engineering trades,Precision Engineering,261.0,
LC292,Social Care Work,360.0,,Social Care Work,367.0,,Welfare,Social Care Work,374.0,
LC293,Business Studies with Travel and Tourism Management,299.0,,Business Studies with Travel and Tourism Management,307.0,,Personal services,Business Studies with Travel and Tourism Managemen,271.0,264.0
LC294,Business Studies with Event Management,271.0,,Business Studies with Event Management,279.0,,Personal services,Business Studies with Event Management,279.0,
LC295,Business Studies with Sports Management,263.0,,Business Studies with Sports Management,252.0,,Business and administration,Business Studies with Sports Management,262.0,
LC297,Community Development,217.0,,Community Development,235.0,,Social and behavioural sciences,Community and Addiction Studies,272.0,262.0
LC320,Business,337.0,,Business,346.0,,Business and administration,Business,381.0,
LC330,Business with Computing,298.0,,Business with Computing,297.0,,Information and Communication Technologies (ICTs),Business with Computing,328.0,308.0
LC340,Interior Design,298.0,,Interior Design,350.0,,Arts,Interior Design,391.0,368.0
LC371,Creative Broadcast and Film Production,298.0,,Creative Broadcast and Film Production,309.0,,Arts,Creative Broadcast and Film Production,325.0,310.0
LC372,Music Technology and Production,321.0,,Music Technology and Production,325.0,,Arts,Music Technology and Production,377.0,
LC374,Renewable and Electrical Energy Engineering,317.0,,Renewable and Electrical Energy Engineering,318.0,,Engineering and engineering trades,Renewable and Electrical Energy Engineering,337.0,319.0
LC375,Industrial Automation & Robotic Systems,321.0,,Industrial Automation and Robotic Systems,317.0,,Engineering and engineering trades,Industrial Automation and Robotic Systems,309.0,
LC376,Electronic Engineering,308.0,,Electronic Engineering,318.0,,Engineering and engineering trades,Electronic Engineering with Computer Systems,357.0,
LC380,Automotive Engineering and Transport Management,282.0,,Automotive Engineering and Transport Management,303.0,298.0,Transport services,Automotive Engineering and Transport Management,298.0,
LC392,Beauty and Spa Management,217.0,,Business Studies in Beauty and Spa Management,236.0,,Personal services,Business Studies in Beauty and Spa Management,328.0,317.0
LC393,Early Childhood Education & Care,260.0,,Early Childhood Education and Care,236.0,,Welfare,Early Childhood Education and Care,309.0,276.0
LC402,Social Care Work (Thurles),209.0,,Social Care Work,225.0,,Welfare,Social Care Work,228.0,
LC408,Environmental and Geographical Sciences (Thurles),262.0,,Environmental Science and Climate,279.0,,Environment,Environmental Science and Climate,279.0,
LC418,Computing - Games Design and Development (Thurles),271.0,,Computing - Games Design and Development,270.0,,Information and Communication Technologies (ICTs),Computing - Games Design and Development,260.0,256.0
LC422,Sports Strength and Conditioning (Thurles),288.0,,Sports Strength and Conditioning,298.0,,Personal services,Applied Strength and Conditioning,289.0,
LC502,"Game Art and Design (Clonmel, portfolio)",838.0,,Game Art and Design (portfolio),852.0,,Information and Communication Technologies (ICTs),Game Art and Design (portfolio),841.0,
LC517,Creative Media and Design (Clonmel),229.0,,Creative Media and Design,234.0,,Information and Communication Technologies (ICTs),Creative Media and Design,279.0,
LC518,"Digital Animation Production (Clonmel, portfolio)",816.0,,Digital Animation Production (portfolio),808.0,,Information and Communication Technologies (ICTs),Digital Animation Production (portfolio),807.0,
LC612,Social Care Work (Ennis),319.0,,Social Care Work,320.0,,Welfare,Social Care Work,309.0,
LM002,Arts (offered in conjunction with Mary Immaculate College),329.0,,Arts,348.0,,Humanities (except languages),Arts,360.0,360.0
LM020,Law and Accounting,436.0,,Law and Accounting,465.0,,Law,Law and Accounting,474.0,
LM026,Performing Arts (audition required),307.0,,Performing Arts (audition required),303.0,,Arts,Performing Arts (audition format TBC),329.0,
LM028,Criminal Justice,387.0,,Criminal Justice,418.0,,Law,Criminal Justice,420.0,
LM029,Law Plus,473.0,,Law Plus,490.0,,Law,Law Plus,530.0,
LM038,Psychology and Sociology,478.0,,Psychology and Sociology,500.0,,Social and behavioural sciences,Psychology and Sociology,530.0,
LM039,Journalism and New Media,388.0,,Journalism and Digital Communication,402.0,,Journalism and information,Journalism and Digital Communication,432.0,
LM040,European Studies,350.0,,European Studies,369.0,,Humanities (except languages),European Studies,409.0,
LM044,Applied Languages,404.0,,Applied Languages,442.0,,Languages,Applied Languages,429.0,
LM050,Business Studies,419.0,,Business Studies (options),431.0,,Business and administration,Business Studies (options),451.0,
LM056,International Business,511.0,,International Business,528.0,,Business and administration,International Business,555.0,
LM058,Financial Mathematics,434.0,,Financial Mathematics,403.0,,Mathematics and statistics,Financial Mathematics,468.0,
LM063,Technology Management,372.0,,Technology Management,379.0,,Information and Communication Technologies (ICTs),Technology Management,410.0,
LM068,Food Science and Health,400.0,,Food Science and Health,421.0,,Manufacturing and processing,Food Science and Health,464.0,
LM076,Product Design and Technology (portfolio required),402.0,,Product Design and Technology (portfolio required),408.0,,Manufacturing and processing,Product Design and Technology (portfolio required),401.0,
LM077,Aeronautical Engineering,469.0,,Aeronautical Engineering,520.0,,Engineering and engineering trades,Aeronautical Engineering,567.0,
LM082,Construction Management and Engineering,368.0,,Construction Management and Engineering,398.0,,Manufacturing and processing,Construction Management and Engineering,446.0,
LM089,Sport and Exercise Sciences,441.0,,Sport and Exercise Sciences,474.0,,Personal services,Sport and Exercise Sciences,498.0,
LM090,Physical Education with concurrent Teacher Education,498.0,,Physical Education with concurrent Teacher Education,532.0,,Education,Physical Education with concurrent Teacher Educati,552.0,544.0
LM092,Science with Teacher Ed (Biology with Physics/Chemistry/Ag Science),478.0,,Science with Teacher Ed (Biology with Physics/Chemistry/Ag Science),507.0,,Education,Science with Teacher Ed (Biology with Physics/Chem,521.0,
LM093,Equine Science,338.0,,Equine Science,339.0,,Biological and related sciences,Equine Science,367.0,
LM094,Materials and Architectural Technology with concurrent Teacher Education,405.0,,Materials and Architectural Technology with concurrent Teacher Education,440.0,,Education,Materials and Architectural Technology with concur,475.0,
LM095,Materials and Engineering Technology with concurrent Teacher Education,358.0,,Materials and Engineering Technology with concurrent Teacher Education,367.0,,Education,Materials and Engineering Technology with concurre,425.0,
LM096,Science with Teacher Ed (Physical Sciences with Chemistry and Physics),382.0,,Science with Teacher Ed (Physical Sciences with Chemistry and Physics),405.0,,Education,Science with Teacher Ed (Physical Sciences with Ch,454.0,
LM099,Architecture (portfolio required),419.0,,Architecture (portfolio requirement suspended),498.0,,Architecture and construction,Architecture,520.0,
LM100,Physiotherapy,565.0,,Physiotherapy,589.0,,Health,Physiotherapy,613.0,
LM102,Psychology,495.0,,Psychology,509.0,,Social and behavioural sciences,Psychology,534.0,
LM103,Paramedic Studies (B and C1 Drivers Licence),313.0,,Paramedic Studies (B/C1/C1 Provisional Drivers Licence),392.0,,Health,Paramedic Studies (Full B/Provisional C1 Drivers L,429.0,
LM115,Chemical and Biochemical Engineering,456.0,,Chemical and Biochemical Engineering,454.0,,Physical sciences,Chemical and Biochemical Engineering,476.0,
LM116,Engineering (Biomedical/Civil/Design and Manufacture/Mechanical),434.0,,Engineering (Biomedical/Civil/Design and Manufacture/Mechanical),476.0,,Engineering and engineering trades,Engineering (Biomedical/Civil/Design and Manufactu,498.0,
LM118,Electronic and Computer Engineering,401.0,,Electronic and Computer Engineering,403.0,,Engineering and engineering trades,Electronic and Computer Engineering,445.0,
LM121,Computer Science (Computer Systems/Games Dev/Mobile Comm Security),352.0,,Computer Science (Computer Systems/Games Dev/Mobile Comm Security),351.0,,Information and Communication Technologies (ICTs),Computer Science (Computer Systems/Games Dev/Cyber,402.0,
LM123,Biological & Chemical Sciences (Biosci/Envir Sci/Ind Bio/IndPharma Chem),412.0,,Biological & Chemical Sciences (Biosci/Envir Sci/Ind Bio/IndPharma Chem),441.0,,Biological and related sciences,Biological and Chemical Sc. (Biosci/Envir Sci/Ind,498.0,
LM124,Mathematics (Math Science/Maths and Physics/Economics and Math Scien,427.0,,Mathematics (Math Science/Maths and Physics/Economics and Maths),437.0,,Mathematics and statistics,Mathematics (Math Science/Maths and Physics/Econom,455.0,
LM125,Physics (Applied Physics/Mathematics and Physics),405.0,,Physics (Applied Physics or Mathematics & Physics),404.0,,Physical sciences,Physics (Applied Physics or Mathematics and Physic,489.0,
LM150,General Nursing,440.0,,General Nursing,475.0,,Health,General Nursing,498.0,487.0
LM152,Mental Health Nursing,388.0,,Mental Health Nursing,419.0,,Health,Mental Health Nursing,478.0,466.0
LM154,Intellectual Disability Nursing,381.0,,Intellectual Disability Nursing,420.0,,Health,Intellectual Disability Nursing,462.0,443.0
LM156,Midwifery,429.0,,Midwifery,469.0,,Health,Midwifery,521.0,508.0
MU001,Theology and Arts,290.0,,Theology and Arts,290.0,290.0,Interdisciplinary programmes and qualifications involving arts and humanities,Theology and Arts,294.0,294.0
MH001,Education - Primary Teaching (Froebel),496.0,,Education - Primary Teaching (Froebel),507.0,,Education,Education - Primary Teaching (Froebel),564.0,
MH101,Arts,316.0,,Arts,318.0,,Humanities (except languages),Arts,338.0,336.0
MH106,Psychology - 3 years,495.0,,Psychology - 3 years,521.0,,Social and behavioural sciences,Psychology - 3 years,554.0,
MH107,Social Science,326.0,,Social Science,346.0,,Social and behavioural sciences,Social Science,390.0,
MH109,Media Studies,317.0,,Media Studies,316.0,,Arts,Media Studies,324.0,
MH201,Science,350.0,,Science,360.0,,"Interdisciplinary programmes and qualifications involving natural sciences, Mathematics and statistics",Science,401.0,400.0
MH202,Biotechnology,429.0,,Biotechnology,455.0,,Biological and related sciences,Biotechnology,490.0,489.0
MH204,Physics with Astrophysics,420.0,,Physics with Astrophysics,422.0,,Physical sciences,Physics with Astrophysics,422.0,
MH206,Theoretical Physics and Mathematics,498.0,,Theoretical Physics and Mathematics,510.0,,Mathematics and statistics,Theoretical Physics and Mathematics,521.0,
MH207,Data Science,434.0,,Data Science,445.0,,Information and Communication Technologies (ICTs),Data Science,444.0,
MH208,Biological and Biomedical Sciences,451.0,,Biological and Biomedical Sciences,498.0,,Biological and related sciences,Biological and Biomedical Sciences,543.0,
MH209,Psychology (through Science) - 4 years,473.0,,Psychology (through Science) - 4 years,498.0,,Social and behavioural sciences,Psychology (through Science) - 4 years,529.0,
MH210,Pharmaceutical and Biomedical Chemistry,446.0,,Pharmaceutical and Biomedical Chemistry,487.0,,Physical sciences,Pharmaceutical and Biomedical Chemistry,510.0,
MH212,Science/Computer Science/Mathematics (with Education) - options,444.0,,Science or Maths & Computer Science or Maths & Applied Maths (with Ed),422.0,,"Interdisciplinary programmes and qualifications involving natural sciences, Mathematics and statistics",Science|Maths and Computer Science|Mathematics (wi,452.0,443.0
MH304,Engineering (Computer/Electronic/Communications),371.0,,Engineering (Computer/Electronic/Communications),333.0,333.0,Engineering and engineering trades,Engineering (Computer/Electronic/Communications),351.0,351.0
MH305,Product Design,358.0,,Product Design,357.0,,Engineering and engineering trades,Product Design,326.0,
MH306,Robotics and Intelligent Devices,361.0,,Robotics and Intelligent Devices,361.0,,Engineering and engineering trades,Robotics and Intelligent Devices,362.0,
MH401,Finance (options),352.0,,Finance (options),357.0,,Business and administration,Finance (options),370.0,
MH402,Quantitative Finance,476.0,,Quantitative Finance,476.0,,Business and administration,Quantitative Finance,476.0,
MH403,Accounting and Finance,402.0,,Accounting and Finance,422.0,,Business and administration,Accounting and Finance,424.0,
MH404,Business (options),400.0,,Business (options),430.0,,Business and administration,Business (options),441.0,
MH407,Business and Accounting,401.0,,Business and Accounting,420.0,,Business and administration,Business and Accounting,423.0,
MH411,Entrepreneurship,358.0,,Entrepreneurship,371.0,,Business and administration,Entrepreneurship,378.0,
MH501,LLB Law - four year Single Major Law programme,451.0,,LLB Law - four year Single Major Law programme,473.0,,Law,LLB Law - four year Single Major Law programme,507.0,
MH502,Law (options),410.0,,Law (options),451.0,,Law,Law (options),465.0,
MH601,Computer Science through Arts (options),342.0,,Computer Science through Arts (options),352.0,,Information and Communication Technologies (ICTs),Computer Science through Arts (options),381.0,
MH602,Computer Science through Science (options),357.0,,Computer Science through Science (options),351.0,,Information and Communication Technologies (ICTs),Computer Science through Science (options),400.0,
MH603,Computational Thinking,520.0,,Computational Thinking,532.0,,Information and Communication Technologies (ICTs),Computational Thinking,520.0,
AS001,"Education, Home Economics and Biology - with concurrent Teacher Ed",456.0,,"Education, Home Economics and Biology - with concurrent Teacher Ed",510.0,,Education,Education,,542.0
AS002,"Education, Home Economics and Religious Ed - with concurrent Teacher Ed",400.0,,"Education, Home Economics and Religious Ed - with concurrent Teacher Ed",441.0,434.0,Education,Education,,464.0
AS003,"Education, Home Economics and Irish - with concurrent Teacher Ed",421.0,,"Education, Home Economics and Irish - with concurrent Teacher Ed",440.0,440.0,Education,Education,,463.0
AS051,"Nutrition, Food and Business Management",337.0,,"Nutrition, Food and Business Management",328.0,317.0,Business and administration,Nutrition,,378.0
AS054,Home Economics,387.0,,Home Economics,408.0,398.0,Biological and related sciences,Home Economics,440.0,419.0
AS110,General Nursing,391.0,,General Nursing,419.0,,Health,General Nursing,440.0,432.0
AS130,Intellectual Disability Nursing,317.0,,Intellectual Disability Nursing,336.0,328.0,Health,Intellectual Disability Nursing,387.0,358.0
SG141,Business,252.0,,Business,261.0,,Business and administration,Business,262.0,
SG146,Accounting,307.0,,Accounting,309.0,,Business and administration,Accounting,304.0,
SG147,Sport with Business,269.0,,Sport with Business,307.0,,Personal services,Sport with Business,288.0,
SG148,Tourism with Event Management,246.0,,Tourism with Event Management,269.0,,Personal services,Tourism with Event Management,298.0,
SG241,Performing Arts,279.0,,Performing Arts,328.0,,Arts,Performing Arts,341.0,
SG242,Early Childhood Care and Education,278.0,,Early Childhood Care and Education,279.0,,Welfare,Early Childhood Care and Education,287.0,
SG243,Social Care Practice,297.0,,Social Care Practice,301.0,,Welfare,Social Care Practice,309.0,
SG244,Fine Art,355.0,,Fine Art,505.0,,Arts,Fine Art,501.0,
SG245,Creative Design,261.0,,Creative Design,282.0,,Arts,Creative Design,332.0,
SG246,Computing,295.0,,Computing,290.0,,Information and Communication Technologies (ICTs),Computing,316.0,
SG247,English and Psychology,308.0,,English and Psychology,309.0,,Social and behavioural sciences,English and Psychology,319.0,
SG248,Sociology and Politics,282.0,,Sociology and Politics,281.0,,Social and behavioural sciences,Sociology and Politics,298.0,
SG249,Writing and Literature,279.0,,Writing and Literature,297.0,,Languages,Writing and Literature,308.0,
SG252,Software Development,300.0,,Software Development,307.0,,Information and Communication Technologies (ICTs),Software Development,310.0,
SG253,Computer Networks and Cloud Infrastructure,273.0,,Computer Networks and Cloud Infrastructure,324.0,,Information and Communication Technologies (ICTs),Computing in Computer Networks and Cyber Security,336.0,
SG343,Quantity Surveying,261.0,,Quantity Surveying,311.0,,Architecture and construction,Quantity Surveying,300.0,
SG346,Construction Project Management and Applied Technology,289.0,,Construction Project Management and Applied Technology,291.0,,Architecture and construction,Construction Project Management and Applied Techno,313.0,
SG347,Architecture,309.0,,Architecture,360.0,,Architecture and construction,Architecture,403.0,
SG442,Occupational Safety and Health,289.0,,Occupational Safety and Health,290.0,,Hygiene and occupational health services,Occupational Safety and Health,307.0,
SG443,Human Nutrition,357.0,,Human Nutrition,356.0,,Health,Human Nutrition,376.0,
SG444,Science (Undenominated),308.0,,Science Undenominated,338.0,,Biological and related sciences,Science Undenominated,358.0,
SG445,Pharmaceutical Science with Drug Development,347.0,,Pharmaceutical Science with Drug Development,311.0,,Physical sciences,Pharmaceutical Science with Drug Development,357.0,
SG447,Health Science and Physical Activity,316.0,,Health Science and Physical Activity,328.0,,Health,Health Science and Physical Activity,326.0,
SG448,Forensic Investigation and Analysis,306.0,,Forensic Investigation and Analysis,306.0,,Biological and related sciences,Forensic Investigation and Analysis,308.0,
SG449,Medical Biotechnology,329.0,,Medical Biotechnology,341.0,,Health,Medical Biotechnology,315.0,
TL801,Animation Visual Effects and Motion Design,281.0,,"Animation, Visual Effects and Motion Design (Level 8)",281.0,,Arts,Animation,,718.0
TL802,"TV, Radio and New Media",306.0,,"TV, Radio and New Media (Level 8)",325.0,,Arts,TV,8.0,322.0
TL810,Computing with Software Development,309.0,,Computing with Software Development,310.0,,Information and Communication Technologies (ICTs),Computing with Software Development,308.0,
TL811,Computing with Games Development,310.0,,Computing with Games Development,358.0,,Information and Communication Technologies (ICTs),Computing with Games Development,322.0,
TL815,Computing (Degree Award options),308.0,,Computing (Degree Award options),308.0,,Information and Communication Technologies (ICTs),Computing (Degree Award options),307.0,
TL823,Event Management (3 year programme),291.0,,Event Management (3 year programme),299.0,,Personal services,Event Management (3 year programme),293.0,
TL831,Business Studies (Major Specialism in: Acctng or Mktg or Mgmnt),307.0,,Business Studies (Major Specialism in: Acctng or Mktg or Mgmnt),306.0,,Business and administration,Business Studies (Major Specialism in: Acctng or M,306.0,
TL844,Agricultural Engineering,311.0,,Agricultural Engineering,300.0,,"Interdisciplinary programmes and qualifications involving agriculture, forestry and veterinary",Agricultural Engineering,301.0,
TL845,Civil Engineering,300.0,,Civil Engineering,325.0,,Architecture and construction,Civil Engineering,361.0,
TL847,Manufacturing Engineering,,,Manufacturing Engineering,302.0,,Manufacturing and processing,Manufacturing Engineering,305.0,
TL848,Agricultural Science,331.0,,Agricultural Science,308.0,,"Interdisciplinary programmes and qualifications involving agriculture, forestry and veterinary",Agricultural Science,307.0,
TL851,Wildlife Biology (Degree Award options),310.0,,Wildlife Biology (Degree Award options),309.0,,Environment,Wildlife Biology (Degree Award options),309.0,
TL855,Pharmaceutical Science (Degree Award options),342.0,,Pharmaceutical Science (Degree Award options),317.0,,Health,Pharmaceutical Science (Degree Award options),316.0,
TL858,Veterinary Bioscience,326.0,,Veterinary Bioscience,308.0,,Veterinary,Veterinary Bioscience,317.0,
TL871,Health and Leisure (Degree Award options),303.0,,Health and Leisure (Degree Award options),300.0,,Personal services,Health and Leisure (Degree Award options),303.0,
TL872,Health and Leisure with Massage,288.0,,Health and Leisure with Massage,309.0,,Personal services,Health and Leisure with Massage,314.0,
TL873,Coaching and Sports Performance,282.0,,Coaching and Sports Performance,289.0,,Personal services,Coaching and Sports Performance,308.0,
TL880,Early Childhood Care and Education,307.0,,Early Childhood Care and Education,307.0,,Welfare,Early Childhood Care and Education,309.0,
TL890,General Nursing and Mature Applicants,407.0,,General Nursing and Mature Applicants,440.0,414.0,Health,General Nursing and Mature Applicants,463.0,
TL891,Mental Health Nursing and Mature Applicants,367.0,,Mental Health Nursing and Mature Applicants,389.0,378.0,Health,Mental Health Nursing and Mature Applicants,440.0,419.0
WD001,Applied Computing (options),279.0,,Applied Computing (options),260.0,260.0,Information and Communication Technologies (ICTs),Applied Computing (options),270.0,261.0
WD002,Science (options),302.0,,Science (options),308.0,,Physical sciences,Science (options),279.0,
WD005,Health Sciences (options),288.0,,Health Sciences (options),280.0,,Health,Health Sciences (options),271.0,
WD006,Exercise Sciences (options),282.0,,Exercise Sciences (options),280.0,,Personal services,Exercise Sciences (options),270.0,
WD007,Engineering (options),287.0,,Engineering (options),288.0,288.0,Engineering and engineering trades,Engineering (options),270.0,270.0
WD025,Construction Management and Engineering,269.0,,Construction Management and Engineering,269.0,,Architecture and construction,Construction Management and Engineering,262.0,
WD027,Music,290.0,,Music,262.0,,Arts,Music,321.0,
WD048,Business (options),278.0,,Business (options),271.0,,Business and administration,Business (options),279.0,
WD084,Accounting,307.0,,Accounting,308.0,,Business and administration,Accounting,308.0,
WD091,Hospitality Management,210.0,,Hospitality Management,228.0,,Personal services,Hospitality Management,225.0,
WD116,General Nursing,413.0,,General Nursing,422.0,,Health,General Nursing,446.0,
WD117,Psychiatric Nursing,361.0,,Psychiatric Nursing,366.0,,Health,Psychiatric Nursing,415.0,
WD120,Intellectual Disability Nursing,338.0,,Intellectual Disability Nursing,377.0,,Health,Intellectual Disability Nursing,390.0,
WD134,International Business,289.0,,International Business,290.0,,Business and administration,International Business,267.0,
WD137,Design (Visual Communications),253.0,,Design (Visual Communications),271.0,,Arts,Design (Visual Communications),252.0,
WD140,Laws,290.0,,Laws,280.0,,Law,Laws,280.0,
WD144,Architecture,283.0,,Architecture,284.0,,Architecture and construction,Architecture,309.0,
WD147,Pharmaceutical Science,298.0,,Pharmaceutical Science,293.0,,Physical sciences,Pharmaceutical Science,288.0,
WD150,Criminal Justice Studies,271.0,,Criminal Justice Studies,270.0,,Law,Criminal Justice Studies,280.0,
WD152,Visual Art,253.0,,Visual Art,,,Arts,Visual Art,243.0,
WD161,Computer Forensics and Security,262.0,,Computer Forensics and Security,255.0,,Information and Communication Technologies (ICTs),Computer Forensics and Security,270.0,
WD162,Quantity Surveying,260.0,,Quantity Surveying,216.0,,Architecture and construction,Quantity Surveying,226.0,
WD163,Psychology,390.0,,Psychology,434.0,,Social and behavioural sciences,Psychology,456.0,
WD186,Sports Coaching and Performance,276.0,,Sports Coaching and Performance,270.0,,Personal services,Sports Coaching and Performance,261.0,
WD187,Social Science,271.0,,Social Science,272.0,,Welfare,Social Science,276.0,
WD191,Agricultural Science,378.0,,Agricultural Science,377.0,,Agriculture,Agricultural Science,377.0,
WD192,Social Care Practice,279.0,,Social Care Practice,270.0,,Welfare,Social Care Practice,271.0,
WD193,Marketing and Digital Media,290.0,,Marketing and Digital Media,271.0,,Business and administration,Marketing and Digital Media,279.0,
WD194,Culinary Arts,235.0,,Culinary Arts,217.0,,Personal services,Culinary Arts,237.0,
WD195,Architectural and Building Information Modelling Technology,266.0,,Architectural and Building Information Modelling Technology,279.0,,Architecture and construction,Architectural and Building Information Modelling T,279.0,
WD200,Arts (options),221.0,,Arts (options),,,Arts,Arts (options),201.0,201.0
WD210,Software Systems Development,271.0,,Software Systems Development,279.0,,Information and Communication Technologies (ICTs),Software Systems Development,260.0,
WD211,Creative Computing,275.0,,Creative Computing,271.0,,Information and Communication Technologies (ICTs),Creative Computing,270.0,
WD212,Recreation and Sport Management,274.0,,Recreation and Sport Management,270.0,,Personal services,Recreation and Sport Management,262.0,
WD230,Mechanical and Manufacturing Engineering,273.0,,Mechanical and Manufacturing Engineering,253.0,,Engineering and engineering trades,Mechanical and Manufacturing Engineering,230.0,230.0
